Unnamed: 0,Drug_ID,Drug,property,canonical_smiles
408,408,C[C@]12C[C@H]([C@@H]([C@@]1(CC(=O)[C@@]3([C@H]2CC=C4[C@H]3C=C(C(=O)C4(C)C)O)C)C)[C@](C)(C(=O)/C=C\C(C)(C)O)O)O,2,CC(C)(O)C=CC(=O)C(C)(O)C1C(O)CC2(C)C3CC=C4C(C=C(O)C(=O)C4(C)C)C3(C)C(=O)CC12C
409,409,C1CCN(CC1)C2CCN(CC2)C3=C(C=C(C=C3)NC(=O)C4=CC=C(C=C4)Br)C(=O)O,2,O=C(Nc1ccc(N2CCC(N3CCCCC3)CC2)c(C(=O)O)c1)c1ccc(Br)cc1
410,410,CC1=CN=C(N=C1C2=CC(=CC=C2)N(C)C)N3CCC(CC3)C(=O)N,2,Cc1cnc(N2CCC(C(N)=O)CC2)nc1-c1cccc(N(C)C)c1
411,411,CC1=C(C=CC2=C1OC(CC2)(C)C)O,2,Cc1c(O)ccc2c1OC(C)(C)CC2
412,412,C1=CC(=CC(=C1)OC(F)(F)F)NC(=O)C2=CC(=NN2)C3=CC=CN3,2,O=C(Nc1cccc(OC(F)(F)F)c1)c1cc(-c2ccc[nH]2)n[nH]1
413,413,CCCCCN1C(=O)C2=C(C=C(C=C2)C(=O)NCCCN3CCC(CC3)C)NC1=O,2,CCCCCn1c(=O)[nH]c2cc(C(=O)NCCCN3CCC(C)CC3)ccc2c1=O
414,414,C1CCN(C1)C(=O)[C@@H]2CCCN(C2)C3=NC4=C(C=C3)NC(=N4)C5(CC5)N6C=C(C=N6)Cl,2,O=C(C1CCCN(c2ccc3[nH]c(C4(n5cc(Cl)cn5)CC4)nc3n2)C1)N1CCCC1
415,415,CC1=CC=C(C=C1)C(=O)N2CCN(CC2)C3=NC=CC(=N3)NC4=CC=CC=C4OC,2,COc1ccccc1Nc1ccnc(N2CCN(C(=O)c3ccc(C)cc3)CC2)n1
416,416,CC(C)(C)C1=CC=C(C=C1)C(=O)N2CC(=O)NC3=C(C2C4=CC=C(C=C4)F)C=C(C=C3)F,2,CC(C)(C)c1ccc(C(=O)N2CC(=O)Nc3ccc(F)cc3C2c2ccc(F)cc2)cc1
417,417,CN1CCN(CC1)CC(=O)N(C)C2=CC=C(C=C2)N=C(C3=CC=CC=C3)C4=C(NC5=C4C=CC(=C5)C(=O)OC)O,2,COC(=O)c1ccc2c(C(=Nc3ccc(N(C)C(=O)CN4CCN(C)CC4)cc3)c3ccccc3)c(O)[nH]c2c1
418,418,C1CC(C2=C(C1)C3=C(N2)C(=CC=C3)Cl)NC(=O)C4=CC5=C(C=C4)OCO5,2,O=C(NC1CCCc2c1[nH]c1c(Cl)cccc21)c1ccc2c(c1)OCO2
419,419,COC1=NC=C(C=C1)C2=CC(=CN3C2=CN=C3)C4=C5C=NNC5=CC=C4,2,COc1ccc(-c2cc(-c3cccc4[nH]ncc34)cn3cncc23)cn1
420,420,CCOC(=O)N1CCC2=C(C1)SC(=C2C(=O)NC3=C(C=CC(=C3)Cl)OC)NCC4=C(C=CS4)C,2,CCOC(=O)N1CCc2c(sc(NCc3sccc3C)c2C(=O)Nc2cc(Cl)ccc2OC)C1
421,421,C1OC2=C(O1)C=C(C=C2)C3NN4C(=NN=C4S3)C5=CC=CC=C5,2,c1ccc(-c2nnc3n2NC(c2ccc4c(c2)OCO4)S3)cc1
422,422,C1=CC=C(C(=C1)C2=NC=C(C(=N2)NCC3=CC=C(C=C3)C4=CC=NN4)F)C(F)F,2,Fc1cnc(-c2ccccc2C(F)F)nc1NCc1ccc(-c2ccn[nH]2)cc1
423,423,CC1=CC(=NC(=C1)NC(=S)N2CCN(CC2)C3=CC=NC=C3)C,2,Cc1cc(C)nc(NC(=S)N2CCN(c3ccncc3)CC2)c1
424,424,CC1CCCN(C1)C(=O)C2=CC3=C(C=C2)N(C=N3)C4=CC=CC(=C4)C,2,Cc1cccc(-n2cnc3cc(C(=O)N4CCCC(C)C4)ccc32)c1
425,425,C1CC(CCC1CC(=O)O)C2=CC=C(C=C2)N3CCOC4=NC=NC(=C4C3=O)N,2,Nc1ncnc2c1C(=O)N(c1ccc(C3CCC(CC(=O)O)CC3)cc1)CCO2
426,426,COC1=CC=CC(=C1O)CNC2=CC=C(C=C2)S(=O)(=O)NC3=CC=CS3,2,COc1cccc(CNc2ccc(S(=O)(=O)Nc3cccs3)cc2)c1O
427,427,C1=CC=C(C=C1)NC(=O)CCCCCCC(=O)NO,2,O=C(CCCCCCC(=O)Nc1ccccc1)NO
428,428,C1CCC(CC1)C(=O)NCCC2=NC3=CC=CC=C3N2CCO,2,O=C(NCCc1nc2ccccc2n1CCO)C1CCCCC1
429,429,C1=CC=C(C(=C1)CNC2=CC=C(C=C2)S(=O)(=O)NC3=NC=CS3)O,2,O=S(=O)(Nc1nccs1)c1ccc(NCc2ccccc2O)cc1
430,430,CC(=O)C1=CC=CC(=C1)C2=CSC(=N2)N3CCC(CC3)C(=O)N,2,CC(=O)c1cccc(-c2csc(N3CCC(C(N)=O)CC3)n2)c1
431,431,CC1=CC(=C(C=C1)C)NC2=C(C(=O)C3=CC=CC=C32)C4=CC=C(C=C4)C(F)(F)F,2,Cc1ccc(C)c(NC2=C(c3ccc(C(F)(F)F)cc3)C(=O)c3ccccc32)c1
432,432,CCOC1=C(C(=C(C=C1)CCNC(=O)C2=CC3=C(N2CC4=CC=CC=C4)C=CS3)F)OCC,2,CCOc1ccc(CCNC(=O)c2cc3sccc3n2Cc2ccccc2)c(F)c1OCC
433,433,C[C@H]1CN(C[C@@H]1C2=NC(=NO2)C3=CN=CC=C3)C(=O)C4=NN(C5=CC=CC=C54)C,2,CC1CN(C(=O)c2nn(C)c3ccccc23)CC1c1nc(-c2cccnc2)no1
434,434,CN1C2=CN=C3C=CC(=CC3=C2N(C1=O)C4=CC(=C(C=C4)N5CCNCC5)C(F)(F)F)C6=CN=C(C=C6)OC,2,COc1ccc(-c2ccc3ncc4c(c3c2)n(-c2ccc(N3CCNCC3)c(C(F)(F)F)c2)c(=O)n4C)cn1
435,435,COC1=CC=CC(=C1)CNCC2=CC=CN2C3=NN=C(S3)N4CCN(CC4)C5=CC=CC=C5,2,COc1cccc(CNCc2cccn2-c2nnc(N3CCN(c4ccccc4)CC3)s2)c1
436,436,C1CC2=C(C(N=C(N2)NC3=NC4=CC=CC=C4O3)C5=C(C=NN5)Cl)C(=O)C1,2,O=C1CCCC2=C1C(c1[nH]ncc1Cl)N=C(Nc1nc3ccccc3o1)N2
437,437,CC[C@@H](C(=O)N1C[C@H](C[C@@H]1CC2=C(NC3=C2C=CC(=C3)F)C4=C(C5=C(N4)C=C(C=C5)F)C[C@@H]6C[C@@H](CN6C(=O)[C@H](CC)NC(=O)[C@H](C)NC)O)O)NC(=O)[C@H](C)NC,2,CCC(NC(=O)C(C)NC)C(=O)N1CC(O)CC1Cc1c(-c2[nH]c3cc(F)ccc3c2CC2CC(O)CN2C(=O)C(CC)NC(=O)C(C)NC)[nH]c2cc(F)ccc12
438,438,COC1=CC(=CC(=C1OC)OC)C(=O)N2CCN(CC2)C3=C(C=CC(=C3)Cl)Cl,2,COc1cc(C(=O)N2CCN(c3cc(Cl)ccc3Cl)CC2)cc(OC)c1OC
439,439,CC1=NC=CC(=C1)C2=CC3=C(N=C2C4=CC=CC=C4)N=C(N3C)C(=O)NCCN(C)C,2,Cc1cc(-c2cc3c(nc2-c2ccccc2)nc(C(=O)NCCN(C)C)n3C)ccn1
440,440,CNC1=NC2=C(S1)C(CC(=O)N2)C3=CC=CC=C3F,2,CNc1nc2c(s1)C(c1ccccc1F)CC(=O)N2
441,441,CC1=C(NC(=C1C(=O)C)C)C(=O)NC2=CC=C(C=C2)OC,2,COc1ccc(NC(=O)c2[nH]c(C)c(C(C)=O)c2C)cc1
442,442,CC1=CC=C(C=C1)S(=O)(=O)NC2=C(C=CC(=C2)C(=O)NC3=NC(=CS3)C4=CC=CC=C4)OC,2,COc1ccc(C(=O)Nc2nc(-c3ccccc3)cs2)cc1NS(=O)(=O)c1ccc(C)cc1
443,443,CC1=NC(=NC2=CC=CC=C12)N,2,Cc1nc(N)nc2ccccc12
444,444,CC1=CC(=C(C=C1)C)CN2CCC(CC2)CNC(=O)NC3=C(C=C(C=C3)Br)F,2,Cc1ccc(C)c(CN2CCC(CNC(=O)Nc3ccc(Br)cc3F)CC2)c1
445,445,CC1=CC=C(C=C1)C2=NC(=NC=C2)N3CCC(CC3)C(=O)N,2,Cc1ccc(-c2ccnc(N3CCC(C(N)=O)CC3)n2)cc1
446,446,CC[S+](=O)(NC1=CC=CC=C1C(=O)NC2=NC(=CS2)C3=CC=CC=C3)[O-],2,CCS(=O)(=O)Nc1ccccc1C(=O)Nc1nc(-c2ccccc2)cs1
447,447,CN1CCC2=CC3=C(C=C2C1)OCO3,2,CN1CCc2cc3c(cc2C1)OCO3
448,448,C1COCCN1C2=CC(=O)C3=C(O2)C(=CC=C3)C4=CC=C(C=C4)N,2,Nc1ccc(-c2cccc3c(=O)cc(N4CCOCC4)oc23)cc1
449,449,COC1=CC=C(C=C1)N2C(=O)NC(=N2)C3CCN(CC3)[S+](=O)(C4=CC=CC(=C4)C(F)(F)F)[O-],2,COc1ccc(-n2nc(C3CCN(S(=O)(=O)c4cccc(C(F)(F)F)c4)CC3)[nH]c2=O)cc1
450,450,CC1=CC=C(C=C1)S(=O)(=O)NC2=C(C=CN=C2)C(=O)NC3=CC=C(C=C3)C4=NNN=N4,2,Cc1ccc(S(=O)(=O)Nc2cnccc2C(=O)Nc2ccc(-c3nn[nH]n3)cc2)cc1
451,451,C1CN(CCN1)C2=CC=C(C=C2)N[S+](=O)(C3=CC=C(C=C3)NCC4=C(C(=CC=C4)Cl)O)[O-],2,O=S(=O)(Nc1ccc(N2CCNCC2)cc1)c1ccc(NCc2cccc(Cl)c2O)cc1
452,452,CC1=C(C=C(C=C1)NC(=O)NC2=CC3=C(C=C2N4CCCCC4)N(C(=O)N3C)C)Cl,2,Cc1ccc(NC(=O)Nc2cc3c(cc2N2CCCCC2)n(C)c(=O)n3C)cc1Cl
453,453,CCOC1=CC=CC=C1C(=O)NC2=C(C=NC=C2)C(=O)NC3=CC(=CC=C3)S(=O)(=O)C(F)(F)F,2,CCOc1ccccc1C(=O)Nc1ccncc1C(=O)Nc1cccc(S(=O)(=O)C(F)(F)F)c1
454,454,CC(C)(C#N)C1=CC=C(C=C1)C2=NC=C(C=C2)CN3CCN(CC3)C,2,CN1CCN(Cc2ccc(-c3ccc(C(C)(C)C#N)cc3)nc2)CC1
455,455,CCC(=O)NC(C1=CC=C(C=C1)OC)C2=CC(=C3C=CC=NC3=C2O)Cl,2,CCC(=O)NC(c1ccc(OC)cc1)c1cc(Cl)c2cccnc2c1O
456,456,C1CN(CCN(C1)C2=NC=C(C=C2)C(F)(F)F)CC3=CC(=O)N4C=CC=CC4=N3,2,O=c1cc(CN2CCCN(c3ccc(C(F)(F)F)cn3)CC2)nc2ccccn12
457,457,COC1=CC=CC=C1N2C=NC3=C2C=CC(=C3)C(=O)N4CCCCC4,2,COc1ccccc1-n1cnc2cc(C(=O)N3CCCCC3)ccc21
458,458,CC1=C[C@H]([C@@H](C[C@H]1CC2=NC3=C(N2)C=CC(=N3)OC)C(C)C)CNCC4=CC=CC=C4O,2,COc1ccc2[nH]c(CC3CC(C(C)C)C(CNCc4ccccc4O)C=C3C)nc2n1
459,459,CC1=CC=CC=C1C2=NC3=CC=CC=C3C(=N2)NCC4=CC=C(C=C4)C5=CN=CC=C5,2,Cc1ccccc1-c1nc(NCc2ccc(-c3cccnc3)cc2)c2ccccc2n1
460,460,C1COCCN1C2=C(C=C(C=C2)C(F)(F)F)NC(=O)C3=NNC(=O)C4=CC=CC=C43,2,O=C(Nc1cc(C(F)(F)F)ccc1N1CCOCC1)c1n[nH]c(=O)c2ccccc12
461,461,C1=CC=C(C=C1)CNC(=O)C2=NC(=NC=C2Cl)S(=O)(=O)CC3=CC=C(C=C3)F,2,O=C(NCc1ccccc1)c1nc(S(=O)(=O)Cc2ccc(F)cc2)ncc1Cl
462,462,CC(C)(C)OC(=O)N1CCN(CC1)C2=CC=C(C=C2)NCC3=CC=C(O3)C4=CC=C(C=C4)C#N,2,CC(C)(C)OC(=O)N1CCN(c2ccc(NCc3ccc(-c4ccc(C#N)cc4)o3)cc2)CC1
463,463,CC1=CC=C(C=C1)S(=O)(=O)C2=CN=C(NC2=O)SC(C)C(=O)NC3=CC=CC=C3,2,Cc1ccc(S(=O)(=O)c2cnc(SC(C)C(=O)Nc3ccccc3)[nH]c2=O)cc1
464,464,COC1=CC=C(C=C1)C2=NOC(=N2)[C@@H]3CC4=C(CN3C(=O)NC5CCCCC5)NC=N4,2,COc1ccc(-c2noc(C3Cc4nc[nH]c4CN3C(=O)NC3CCCCC3)n2)cc1
465,465,CCOC1=C(C=C(C=C1)CCNC(=O)C2=CC=NN2CC3=CC=CC(=C3)C)OCC,2,CCOc1ccc(CCNC(=O)c2ccnn2Cc2cccc(C)c2)cc1OCC
466,466,CNC1(CCCCC1=O)C2=CC=CC=C2Cl,2,CNC1(c2ccccc2Cl)CCCCC1=O
467,467,COC1=C(C=C(C=C1)S(=O)(=O)N2CCOCC2)NC(=O)C3=CC(=CC=C3)N4C=CC=C4,2,COc1ccc(S(=O)(=O)N2CCOCC2)cc1NC(=O)c1cccc(-n2cccc2)c1
468,468,CC1=C(NC(=C1C(=O)C)C)C(=O)NC2=CC=C(C=C2)Cl,2,CC(=O)c1c(C)[nH]c(C(=O)Nc2ccc(Cl)cc2)c1C
469,469,C1COCCN1CCNC(=O)C2CC(=O)N(C2)C3=NNC4=C3C=CC(=C4)Br,2,O=C(NCCN1CCOCC1)C1CC(=O)N(c2n[nH]c3cc(Br)ccc23)C1
470,470,CC1=C(C=CC(=C1)SCC2=C(N=C(S2)C3=CC=C(C=C3)C(F)(F)F)C)OCC(=O)O,2,Cc1cc(SCc2sc(-c3ccc(C(F)(F)F)cc3)nc2C)ccc1OCC(=O)O
471,471,CN(C1=CC=CC=C1)C(=O)CSC2=NC3=C(CCCC3)C(=O)N2,2,CN(C(=O)CSc1nc2c(c(=O)[nH]1)CCCC2)c1ccccc1
472,472,CC1=CC2=C(C=C1)OC3=C(C2=O)C(N(C3=O)CCCN4CCOCC4)C5=CC(=C(C=C5)OC)OC,2,COc1ccc(C2c3c(oc4ccc(C)cc4c3=O)C(=O)N2CCCN2CCOCC2)cc1OC
473,473,CCOC1=CC=C(C=C1)NC(=O)CC2C(=O)N(C(=O)N2CCC3=C(C=CS3)C)C4=CC=C(C=C4)F,2,CCOc1ccc(NC(=O)CC2C(=O)N(c3ccc(F)cc3)C(=O)N2CCc2sccc2C)cc1
474,474,COC1=CC=CC(=C1O)CNC2=CC=C(C=C2)S(=O)(=O)NC3=CC=C(C=C3)N4CCNCC4,2,COc1cccc(CNc2ccc(S(=O)(=O)Nc3ccc(N4CCNCC4)cc3)cc2)c1O
475,475,C1=CC(=CN=C1)NC(=O)C2=CC=CS2,2,O=C(Nc1cccnc1)c1cccs1
476,476,C1C(C2(CN1CC3=CC=C(C=C3)O)CN(C2)C4=CC=CC=C4)CNC5=CC=CC=C5,2,Oc1ccc(CN2CC(CNc3ccccc3)C3(C2)CN(c2ccccc2)C3)cc1
477,477,C1=CC=C(C=C1)CNC2=NC(=NC3=CC=CC=C32)NCC4=CC=CC=C4,2,c1ccc(CNc2nc(NCc3ccccc3)c3ccccc3n2)cc1
478,478,CC1=CN=C(C(=C1OC)C)CS(=O)C2=NC3=C(N2)C=CC(=N3)OC,2,COc1ccc2[nH]c(S(=O)Cc3ncc(C)c(OC)c3C)nc2n1
479,479,CCC1=CC(=CC=C1)NS(=O)(=O)C2=CC3=C(C=C2)N(C(C3)C)C(=O)C4CC4,2,CCc1cccc(NS(=O)(=O)c2ccc3c(c2)CC(C)N3C(=O)C2CC2)c1
480,480,CC1=CC(=NC=C1)NC(=S)N2CCCC(C2)NC3=CC=CC(=C3)C(F)(F)F,2,Cc1ccnc(NC(=S)N2CCCC(Nc3cccc(C(F)(F)F)c3)C2)c1
481,481,CCC(CC)C1=NC(=NC(=C1)[C@H]2CN3CC[C@H]2C[C@@H]3CNC(=O)C)C4=CC=NC=C4,2,CCC(CC)c1cc(C2CN3CCC2CC3CNC(C)=O)nc(-c2ccncc2)n1
482,482,CCN1CCC2=C(C1)SC(=C2C(=O)N)NC(=O)NC3=CC(=C(C=C3)Cl)Cl,2,CCN1CCc2c(sc(NC(=O)Nc3ccc(Cl)c(Cl)c3)c2C(N)=O)C1
483,483,CN1C(=NN=N1)SC2=NC=NC3=C2C(=CS3)Br,2,Cn1nnnc1Sc1ncnc2scc(Br)c12
484,484,CC(=O)C1=CC=C(C=C1)C2=CSC(=N2)N3CCC(CC3)C(=O)N,2,CC(=O)c1ccc(-c2csc(N3CCC(C(N)=O)CC3)n2)cc1
485,485,C1=CC=C2C(=C1)C(=NC(=N2)C3=CC=NC=C3)NC4=CC=NN4,2,c1ccc2c(Nc3ccn[nH]3)nc(-c3ccncc3)nc2c1
486,486,CC1=C(C=C(C=C1)N2C3=NC=NC(=C3C=N2)NCCCN4C=CN=C4)Cl,2,Cc1ccc(-n2ncc3c(NCCCn4ccnc4)ncnc32)cc1Cl
487,487,CCOC(=O)C1=CC=C(C=C1)N2C=NC3=C2C=CC(=C3)C(=O)N4CCCCC4,2,CCOC(=O)c1ccc(-n2cnc3cc(C(=O)N4CCCCC4)ccc32)cc1
488,488,CC1=CC(=CC(=C1)NS(=O)(=O)C2=CC3=C(C=C2)NC=C(C3=O)C(=O)NCC4=CC=CO4)C,2,Cc1cc(C)cc(NS(=O)(=O)c2ccc3[nH]cc(C(=O)NCc4ccco4)c(=O)c3c2)c1
489,489,CC1=CC=C(C=C1)S(=O)(=O)NC2=C(C=CN=C2)C(=O)NC3=NC(=CS3)C4CCC4,2,Cc1ccc(S(=O)(=O)Nc2cnccc2C(=O)Nc2nc(C3CCC3)cs2)cc1
490,490,CCN1C=C(C2=CC(=C(C=C2C1=O)OC)OC)C(=O)N3CCN(CC3)C4=CC(=CC=C4)Cl,2,CCn1cc(C(=O)N2CCN(c3cccc(Cl)c3)CC2)c2cc(OC)c(OC)cc2c1=O
491,491,C1=CSC(=C1)C2=NN=C(O2)NC(=O)C3=CC=C(C=C3)Cl,2,O=C(Nc1nnc(-c2cccs2)o1)c1ccc(Cl)cc1
492,492,C1CCN(CC1)C(=O)C2=CC3=C(C=C2)N(C=N3)C4=CC=C(C=C4)Cl,2,O=C(c1ccc2c(c1)ncn2-c1ccc(Cl)cc1)N1CCCCC1
493,493,CC1=NC=C2CNCCC2=C1CNC(=O)CN3C=NC4=CC=CC=C4C3=O,2,Cc1ncc2c(c1CNC(=O)Cn1cnc3ccccc3c1=O)CCNC2
494,494,C1=CC=C2C(=C1)C(=CC=N2)C(=O)NC3=CC=C(C=C3)S(=O)(=O)NC4=NC=CS4,2,O=C(Nc1ccc(S(=O)(=O)Nc2nccs2)cc1)c1ccnc2ccccc12
495,495,CC1=C(C(=NO1)C)C2=CC(=C(C=C2)C3=CC(=C(S3)NC(=O)N)C(=O)N)O[C@H]4CCNC4,2,Cc1noc(C)c1-c1ccc(-c2cc(C(N)=O)c(NC(N)=O)s2)c(OC2CCNC2)c1
496,496,CC1=CC=C(C=C1)S(=O)(=O)NC2=C(C=CN=C2)C(=O)NC3=NC(=CS3)C4=CC=CC=C4Cl,2,Cc1ccc(S(=O)(=O)Nc2cnccc2C(=O)Nc2nc(-c3ccccc3Cl)cs2)cc1
497,497,CC1=CC(=C(N1C2=CC=CC(=C2)C#N)C)C3=NN=C4N3CCCCC4,2,Cc1cc(-c2nnc3n2CCCCC3)c(C)n1-c1cccc(C#N)c1
498,498,CC1=NN(C2=C1C(=CC(=O)N2)C(F)(F)F)CCC3=NC(=CS3)C4=CC=C(C=C4)OC,2,COc1ccc(-c2csc(CCn3nc(C)c4c(C(F)(F)F)cc(=O)[nH]c43)n2)cc1
499,499,CC1=CC=CC=C1C2=NC(=C(O2)C)CN3CCC(CC3)C(=O)NCCCN4CCOCC4,2,Cc1ccccc1-c1nc(CN2CCC(C(=O)NCCCN3CCOCC3)CC2)c(C)o1
500,500,CC1=CC=C(C=C1)S(=O)(=O)NC2=CC=CC=C2C(=O)NC3=NC(=C(S3)C)C4=CC=CC=C4,2,Cc1ccc(S(=O)(=O)Nc2ccccc2C(=O)Nc2nc(-c3ccccc3)c(C)s2)cc1
501,501,CC1=NN2CCCN(C2=C1C3=CC=CC=C3OCC4=CC=CC=C4)C(=O)CC5=CC6=C(C=C5)OCO6,2,Cc1nn2c(c1-c1ccccc1OCc1ccccc1)N(C(=O)Cc1ccc3c(c1)OCO3)CCC2
502,502,CCOC1=C(C=C(C=C1)CCNC(=O)C2=NC3=CC=CC=C3C=C2)OCC,2,CCOc1ccc(CCNC(=O)c2ccc3ccccc3n2)cc1OCC
503,503,C1=CC=C2C(=C1)/C(=C/C3=CC=CN3)/C(=O)N2,2,O=C1Nc2ccccc2C1=Cc1ccc[nH]1
504,504,CCCC1=NC2=C(C=CC(=C2)C(=O)NC3CCCCC3)SC4=C1C=C(C=C4)C,2,CCCC1=Nc2cc(C(=O)NC3CCCCC3)ccc2Sc2ccc(C)cc21
505,505,CC1=CC=CC=C1C(=O)NC2=NC3=C(S2)CC(CC3)C(C)(C)C,2,Cc1ccccc1C(=O)Nc1nc2c(s1)CC(C(C)(C)C)CC2
506,506,CC1=CC=C(C=C1)NC(=O)C2=C3NC(=C(C(N3N=C2)C4=CC=CC=C4C)C(=O)NC5=CC=C(C=C5)Cl)C,2,CC1=C(C(=O)Nc2ccc(Cl)cc2)C(c2ccccc2C)n2ncc(C(=O)Nc3ccc(C)cc3)c2N1
507,507,CCCCOC1=CC=C(C=C1)C(=O)N2CCC(CC2)C3=NNC(=O)N3C4=CC=C(C=C4)C,2,CCCCOc1ccc(C(=O)N2CCC(c3n[nH]c(=O)n3-c3ccc(C)cc3)CC2)cc1
508,508,CCOC1=CC=CC=C1N2CC(CC2=O)C3=NC4=CC=CC=C4N3CCOC5=CC=C(C=C5)C(C)(C)C,2,CCOc1ccccc1N1CC(c2nc3ccccc3n2CCOc2ccc(C(C)(C)C)cc2)CC1=O
509,509,CCN(CC)CCNC(=O)C1CCN(CC1)C2=NN3C=C(N=C3S2)C4=CC=C(C=C4)F,2,CCN(CC)CCNC(=O)C1CCN(c2nn3cc(-c4ccc(F)cc4)nc3s2)CC1
510,510,CC[C@@]1(C2=C(COC1=O)C(=O)N3CC4=C(C5=CC=CC=C5N=C4C3=C2)CCNC(C)C)O,2,CCC1(O)C(=O)OCc2c1cc1n(c2=O)Cc2c-1nc1ccccc1c2CCNC(C)C
511,511,CC1=CC=C(C=C1)S(=O)(=O)NC2=C(C=CN=C2)C(=O)NCC3=CC=CC=C3,2,Cc1ccc(S(=O)(=O)Nc2cnccc2C(=O)NCc2ccccc2)cc1
512,512,CCC1=C(C=C(C=C1)NC(=O)C2=C(C(=C(N2)C)C(=O)C)C)[S+](=O)(NC3=CC=C(C=C3)C#N)[O-],2,CCc1ccc(NC(=O)c2[nH]c(C)c(C(C)=O)c2C)cc1S(=O)(=O)Nc1ccc(C#N)cc1
513,513,C1CCC(CC1)C(=O)NCCC2=NC3=CC=CC=C3N2CCOC4=CC=CC=C4N,2,Nc1ccccc1OCCn1c(CCNC(=O)C2CCCCC2)nc2ccccc21
514,514,C1=CC=C(C=C1)C2=NC=C(N2)C(=O)NC3=NC=C(S3)CC4=CC=C(C=C4)C(F)(F)F,2,O=C(Nc1ncc(Cc2ccc(C(F)(F)F)cc2)s1)c1cnc(-c2ccccc2)[nH]1
515,515,CC1=CC(=C(C=C1)NC(=O)C2=C(C3=C(N2C)C=CC(=C3)C)N4CCCC4=O)C,2,Cc1ccc(NC(=O)c2c(N3CCCC3=O)c3cc(C)ccc3n2C)c(C)c1
516,516,CC1=CC=CC=C1C(=O)N2CCC(CC2)C(=O)N3CCC(CC3)N4CC5=CC=CC=C5C4=O,2,Cc1ccccc1C(=O)N1CCC(C(=O)N2CCC(N3Cc4ccccc4C3=O)CC2)CC1
517,517,CCOC1=CC=CC=C1CNS(=O)(=O)C2=CC=C(C=C2)C3=CN=C(O3)C4CC4,2,CCOc1ccccc1CNS(=O)(=O)c1ccc(-c2cnc(C3CC3)o2)cc1
518,518,CN1C=CC2=C1C=CC(=C2)C3=CSC(=N3)N4CCC(CC4)C(=O)N,2,Cn1ccc2cc(-c3csc(N4CCC(C(N)=O)CC4)n3)ccc21
519,519,CN1C(=NN=N1)SC2=NC=NC3=C2C=CS3,2,Cn1nnnc1Sc1ncnc2sccc12
520,520,CCN1C(=NN=N1)SC2=NC=NC3=C2C(=CS3)C4=CC=C(C=C4)C,2,CCn1nnnc1Sc1ncnc2scc(-c3ccc(C)cc3)c12
521,521,C1CNCCC1NC2=CC=CC(=N2)C3=CN=C4N3C=C(C=C4)Cl,2,Clc1ccc2ncc(-c3cccc(NC4CCNCC4)n3)n2c1
522,522,C1=CC=C2C(=C1)C(=NC(=N2)C3=C(C=NC=C3)C#N)NC4=CC(=C(C=C4)F)F,2,N#Cc1cnccc1-c1nc(Nc2ccc(F)c(F)c2)c2ccccc2n1
523,523,CC1=C(C=C(C=C1)NC2=NC(=NC3=CC=CC=C32)C4=CC=NC=C4)F,2,Cc1ccc(Nc2nc(-c3ccncc3)nc3ccccc23)cc1F
524,524,CCN(CC)CCN1C2=C(C=CC(=C2)OCCN(CC)CC)C(=O)C3=C1C=C(C=C3)Cl,2,CCN(CC)CCOc1ccc2c(=O)c3ccc(Cl)cc3n(CCN(CC)CC)c2c1
525,525,CC1=C(C=C(C=C1)C(=O)N)NC2=NC=CC(=N2)C3=CN(C4=C3C=CN=C4)C(C)C,2,Cc1ccc(C(N)=O)cc1Nc1nccc(-c2cn(C(C)C)c3cnccc23)n1
526,526,C1=CC=NC(=C1)N[S+](=O)(C2=CC=C(C=C2)NC(=O)CC3=CC(=C(C=C3)Cl)Cl)[O-],2,O=C(Cc1ccc(Cl)c(Cl)c1)Nc1ccc(S(=O)(=O)Nc2ccccn2)cc1
527,527,CC1=C(C=C(C=C1)C(=O)NC2=CC3=C(C=C2)OC(=N3)C4=CN=CC=C4)[N+](=O)[O-],2,Cc1ccc(C(=O)Nc2ccc3oc(-c4cccnc4)nc3c2)cc1[N+](=O)[O-]
528,528,COC1C(CC2CN3CCC4=C(C3CC2C1CO)NC5=C4C=CC(=C5)OC)O,2,COc1ccc2c3c([nH]c2c1)C1CC2C(CC(O)C(OC)C2CO)CN1CC3
529,529,CCOC(=O)C1=NN=C(S1)N[S+](=O)(C2=CC=C(C=C2)NC(=O)CC3=CC(=C(C=C3)Cl)Cl)[O-],2,CCOC(=O)c1nnc(NS(=O)(=O)c2ccc(NC(=O)Cc3ccc(Cl)c(Cl)c3)cc2)s1
530,530,COC1=CC(=CC(=C1OC)OC)C(=O)NC2CCCC3=C2NC4=CC=CC=C34,2,COc1cc(C(=O)NC2CCCc3c2[nH]c2ccccc32)cc(OC)c1OC
531,531,CC1=CC(=NC(=C1)NC(=S)N2CCN(CC2)C3=C(C=C(C=C3)F)F)C,2,Cc1cc(C)nc(NC(=S)N2CCN(c3ccc(F)cc3F)CC2)c1
532,532,CC1=CC=C(C=C1)S(=O)(=O)NC2=C(C=C(C=C2)C(=O)NC3=NC(=CS3)C4=CC=CC=C4)Cl,2,Cc1ccc(S(=O)(=O)Nc2ccc(C(=O)Nc3nc(-c4ccccc4)cs3)cc2Cl)cc1
533,533,C1=CC(=CC=C1NCC2=C(C=CC(=C2)Cl)O)S(=O)(=O)NC3=NC=CS3,2,O=S(=O)(Nc1nccs1)c1ccc(NCc2cc(Cl)ccc2O)cc1
534,534,CC1=NN2CCCN(C2=C1C3=CC=CC=C3C4=CC=CC=C4)CC5CC5,2,Cc1nn2c(c1-c1ccccc1-c1ccccc1)N(CC1CC1)CCC2
535,535,C1CCC(C(C1)C2C3=C(CCCC3=O)NC(=N2)NC4NC5CCCCC5S4)Cl,2,O=C1CCCC2=C1C(C1CCCCC1Cl)N=C(NC1NC3CCCCC3S1)N2
536,536,CC1=CC=C(C=C1)CCNC(=O)C2CCCN(C2)C(=O)C3=CC4=C(N3C)C=CS4,2,Cc1ccc(CCNC(=O)C2CCCN(C(=O)c3cc4sccc4n3C)C2)cc1
537,537,CC(=O)NC1=CC=C(C=C1)C(=O)NC2=CC3=C(C=C2)SC4=CC=CC=C4C(=O)N3C5CCCC5,2,CC(=O)Nc1ccc(C(=O)Nc2ccc3c(c2)N(C2CCCC2)C(=O)c2ccccc2S3)cc1
538,538,C1CCN(CC1)C2=NC(=CS2)C3=CC=C(C=C3)Br,2,Brc1ccc(-c2csc(N3CCCCC3)n2)cc1
539,539,COCCNC(=O)C1=CC=C(C=C1)C2=NC=C3N2C=C(N=C3)C4=CC(=CC=C4)F,2,COCCNC(=O)c1ccc(-c2ncc3cnc(-c4cccc(F)c4)cn23)cc1
540,540,CC1=C(C(=CC=C1)C)NC(=O)C2=NC(=NC=C2Cl)SC,2,CSc1ncc(Cl)c(C(=O)Nc2c(C)cccc2C)n1
541,541,C1=CC=C(C=C1)C2=CSC(=N2)NC(=O)C3=C(C=NC=C3)NS(=O)(=O)C4=CC=CC=C4C#N,2,N#Cc1ccccc1S(=O)(=O)Nc1cnccc1C(=O)Nc1nc(-c2ccccc2)cs1
542,542,CC1=C(N(N=C1C(=O)NN2CCCCC2)C3=C(C=C(C=C3)Cl)Cl)C4=CC=C(C=C4)Cl,2,Cc1c(C(=O)NN2CCCCC2)nn(-c2ccc(Cl)cc2Cl)c1-c1ccc(Cl)cc1
543,543,CC(=O)NC1=CC=C(C=C1)OCC2=C(C=CC(=C2)C3=NC4=CC=CC=C4C(=O)N3CC5=CC=CC=C5)OC,2,COc1ccc(-c2nc3ccccc3c(=O)n2Cc2ccccc2)cc1COc1ccc(NC(C)=O)cc1
544,544,CC1=C(C(=NO1)C2=CC=C(C=C2)F)COC3=NC=C(C=C3)C(=O)N4CCS(=O)(=O)CC4,2,Cc1onc(-c2ccc(F)cc2)c1COc1ccc(C(=O)N2CCS(=O)(=O)CC2)cn1
545,545,CCCCOC1=CC=C(C=C1)CNC(=O)C2=NN3CCCN(C(=O)C3=C2)CC4=CC=C(C=C4)C,2,CCCCOc1ccc(CNC(=O)c2cc3n(n2)CCCN(Cc2ccc(C)cc2)C3=O)cc1
546,546,C1=CC=C(C=C1)C2=NC=CC(=C2)C(=O)NC3=CC=C(C=C3)S(=O)(=O)NC4=NC=CS4,2,O=C(Nc1ccc(S(=O)(=O)Nc2nccs2)cc1)c1ccnc(-c2ccccc2)c1
547,547,C1=CC=C2C(=C1)N=C3C=CC=C(C3=N2)O,2,Oc1cccc2nc3ccccc3nc12
548,548,CC1=C(C(=CC=C1)C)N[S+](=O)(C2=CC=CC(=C2)NC(=O)C3=C(C(=C(N3)C)C(=O)C)C)[O-],2,CC(=O)c1c(C)[nH]c(C(=O)Nc2cccc(S(=O)(=O)Nc3c(C)cccc3C)c2)c1C
549,549,COC1=CC=CC(=C1O)CNC2=CC=C(C=C2)S(=O)(=O)NC3=NC=C(S3)C4=CC=CC=C4,2,COc1cccc(CNc2ccc(S(=O)(=O)Nc3ncc(-c4ccccc4)s3)cc2)c1O
550,550,CC(C)N(CCCNC(=O)NC1=CC=C(C=C1)C(C)(C)C)C[C@@H]2[C@@H]([C@H]([C@@H](O2)N3C=C(C4=C(N=CN=C43)N)Br)O)O,2,CC(C)N(CCCNC(=O)Nc1ccc(C(C)(C)C)cc1)CC1OC(n2cc(Br)c3c(N)ncnc32)C(O)C1O
551,551,CC1(CNC2=C1C=CC(=C2)NC(=O)C3=C(N=CC=C3)NCC4=CC=NC=C4)C,2,CC1(C)CNc2cc(NC(=O)c3cccnc3NCc3ccncc3)ccc21
552,552,C1CC1C2=NC3=C(CCN(CC3)CC4=CC=C(C=C4)F)C(=N2)C5=CC=C(C=C5)O,2,Oc1ccc(-c2nc(C3CC3)nc3c2CCN(Cc2ccc(F)cc2)CC3)cc1
553,553,C1=CC=C2C(=C1)C3=C(C2=O)C(SC4=CC=CC=C4N3)C5=CC=CO5,2,O=C1C2=C(Nc3ccccc3SC2c2ccco2)c2ccccc21
554,554,CC1=C(C=C(C=C1)NC(=O)C2=C(C(=C(N2)C)C(=O)C)C)[S+](=O)(NC3=CC=C(C=C3)Br)[O-],2,CC(=O)c1c(C)[nH]c(C(=O)Nc2ccc(C)c(S(=O)(=O)Nc3ccc(Br)cc3)c2)c1C
555,555,CC1=CC=CC=C1N[S+](=O)(C2=CC=CC(=C2)NC(=O)C3=C(C(=C(N3)C)C(=O)C)C)[O-],2,CC(=O)c1c(C)[nH]c(C(=O)Nc2cccc(S(=O)(=O)Nc3ccccc3C)c2)c1C
556,556,CCC1=CC=C(C=C1)NC(=O)C2=NN3C=CC=NC3=C2,2,CCc1ccc(NC(=O)c2cc3ncccn3n2)cc1
557,557,CC1=CC=CC=C1C(=O)N2CCC3=C2C=CC(=C3)N4C=C(C=N4)NC(=O)CC5=CC=CC=C5,2,Cc1ccccc1C(=O)N1CCc2cc(-n3cc(NC(=O)Cc4ccccc4)cn3)ccc21
558,558,CN1CCC(CC1)NC(=O)C2=NC3=C(N2C)C=C(C(=N3)C4=CC=CC=C4)C5=CC(=NC=C5)OC,2,COc1cc(-c2cc3c(nc2-c2ccccc2)nc(C(=O)NC2CCN(C)CC2)n3C)ccn1
559,559,C1CCN(C1)C2=C(C=C(C=C2)NC3=NC(=NC4=CC=CC=C43)C5=CC=NC=C5)F,2,Fc1cc(Nc2nc(-c3ccncc3)nc3ccccc23)ccc1N1CCCC1
560,560,CN1CCCN(CC1)C(C2=CC=CC=C2)C3=CC=C(C=C3)Cl,2,CN1CCCN(C(c2ccccc2)c2ccc(Cl)cc2)CC1
561,561,C[C@H](C1=NN=C2N1C=C(C=C2F)C3=CN(N=C3)C)N4C=CC5=C(C4=O)C=C(C=N5)OCCOC,2,COCCOc1cnc2ccn(C(C)c3nnc4c(F)cc(-c5cnn(C)c5)cn34)c(=O)c2c1
562,562,CC1=C(C=C(C=C1)C2=NN3C(=NN=C3C4=CC=CC=C42)C)S(=O)(=O)NC,2,CNS(=O)(=O)c1cc(-c2nn3c(C)nnc3c3ccccc23)ccc1C
563,563,CN(CC1=CC=C(C=C1)/C=C/C(=O)NO)CC23CC4CC(C2)CC(C4)C3,2,CN(Cc1ccc(C=CC(=O)NO)cc1)CC12CC3CC(CC(C3)C1)C2
564,564,C1CCCN(CC1)C2=NC(=NC3=CC=CC=C32)C4=CC=CC=N4,2,c1ccc(-c2nc(N3CCCCCC3)c3ccccc3n2)nc1
565,565,CC1=CC(=C(C=C1Cl)OC)NS(=O)(=O)C2=C(N=C3N(C2=O)C=CS3)C,2,COc1cc(Cl)c(C)cc1NS(=O)(=O)c1c(C)nc2sccn2c1=O
566,566,CC(C)(C#N)C1=CC=C(C=C1)N2C3=C4C=C(C=CC4=NC=C3COC2=O)C5=CC6=CC=CC=C6N=C5,2,CC(C)(C#N)c1ccc(N2C(=O)OCc3cnc4ccc(-c5cnc6ccccc6c5)cc4c32)cc1
567,567,CN1CCN(CC1)C2=C(C=C(C=C2)NC3=NC(=NC4=CC=CC=C43)C5=CC=NC=C5)OC,2,COc1cc(Nc2nc(-c3ccncc3)nc3ccccc23)ccc1N1CCN(C)CC1
568,568,C1CCC(C1)C2=C(C=CC(=C2)C3=CNC4=C3C=C(C=N4)C5=CC=CC=C5)C(=O)O,2,O=C(O)c1ccc(-c2c[nH]c3ncc(-c4ccccc4)cc23)cc1C1CCCC1
569,569,CN1C=NC=C1[C@@](C2=CC=C(C=C2)Cl)(C3=CC4=C(C=C3)N(C(=O)C=C4C5=CC(=CC=C5)Cl)C)N,2,Cn1cncc1C(N)(c1ccc(Cl)cc1)c1ccc2c(c1)c(-c1cccc(Cl)c1)cc(=O)n2C
570,570,CCOC(=O)C1=C(SC2=C1CCN(C2)C(=O)OCC)NC(=O)CN3CCCCC3,2,CCOC(=O)c1c(NC(=O)CN2CCCCC2)sc2c1CCN(C(=O)OCC)C2
571,571,CCN1CCC(CC1)N(CC2=CC3=C(C=C2)OCO3)C(=O)NC4=C(C=CC(=C4)Cl)C(=O)OC,2,CCN1CCC(N(Cc2ccc3c(c2)OCO3)C(=O)Nc2cc(Cl)ccc2C(=O)OC)CC1
572,572,C1=CC=C2C(=C1)/C(=C\C3=CC=C(C=C3)O)/C(=O)N2,2,O=C1Nc2ccccc2C1=Cc1ccc(O)cc1
573,573,CCOC(=O)C1=CC=C(C=C1)NC(=O)N2CC3=C(C[C@H]2C4=NC(=NO4)C(C)C)N=CN3,2,CCOC(=O)c1ccc(NC(=O)N2Cc3[nH]cnc3CC2c2nc(C(C)C)no2)cc1
574,574,C1=C(OC(=C1)[N+](=O)[O-])C=NNC(=O)C(=O)N,2,NC(=O)C(=O)NN=Cc1ccc([N+](=O)[O-])o1
575,575,C1CC2=C(C1)SC3=NC=NC(=C23)NC(=O)C4=CC=CO4,2,O=C(Nc1ncnc2sc3c(c12)CCC3)c1ccco1
576,576,C1=CC=C2C(=C1)C(=NC(=N2)NC3=CC=NC=C3)NC4=CC(=C(C=C4)F)F,2,Fc1ccc(Nc2nc(Nc3ccncc3)nc3ccccc23)cc1F
577,577,CC[C@]12CC[C@H]3[C@H]([C@@H]1CC[C@]2(C#C)OC(=O)C)CCC4=C/C(=N/O)/CC[C@H]34,2,C#CC1(OC(C)=O)CCC2C3CCC4=CC(=NO)CCC4C3CCC21CC
578,578,C1=COC(=C1)CNC(=O)COC(=O)CCC(=O)C2=CC=CS2,2,O=C(COC(=O)CCC(=O)c1cccs1)NCc1ccco1
579,579,C1C(C2=C(NC1=O)N=C(S2)N)C3=CC=CC=C3,2,Nc1nc2c(s1)C(c1ccccc1)CC(=O)N2
580,580,CN(C)C1=CC=C(C=C1)C2=C(C(=O)NC=C2)N,2,CN(C)c1ccc(-c2cc[nH]c(=O)c2N)cc1
581,581,CC1=C(C=CC=C1Cl)N2C(=C(C=N2)C(=O)NC3=C(C=C(C=C3)Br)F)C4CCNCC4,2,Cc1c(Cl)cccc1-n1ncc(C(=O)Nc2ccc(Br)cc2F)c1C1CCNCC1
582,582,COC1=CC=C(C=C1)C(=O)N2CCCC(C2)C3=NN(C(=O)N3)C4=CC=C(C=C4)OC,2,COc1ccc(C(=O)N2CCCC(c3nn(-c4ccc(OC)cc4)c(=O)[nH]3)C2)cc1
583,583,CCN(CC)C(=O)C1=COC(=N1)COC2=CC3=C(CCN(C3C4=CC(=CC=C4)F)C(=O)C(C)C)C=C2,2,CCN(CC)C(=O)c1coc(COc2ccc3c(c2)C(c2cccc(F)c2)N(C(=O)C(C)C)CC3)n1
584,584,CC1=CC(=CC(=C1)NC2=NC(=CS2)C3=CC=C(O3)CNC(=O)C)C,2,CC(=O)NCc1ccc(-c2csc(Nc3cc(C)cc(C)c3)n2)o1
585,585,CC(C)OC1=CC=CC(=C1)C2=CSC(=N2)N3CCC(CC3)C(=O)N,2,CC(C)Oc1cccc(-c2csc(N3CCC(C(N)=O)CC3)n2)c1
586,586,CC1=CC=CC=C1C(=O)N2CCC3=C2C=CC(=C3)C4=C(SC(=N4)NC(=O)CC5=CC6=C(C=C5)OCCO6)C,2,Cc1ccccc1C(=O)N1CCc2cc(-c3nc(NC(=O)Cc4ccc5c(c4)OCCO5)sc3C)ccc21
587,587,CCOC1=C(C=C(C=C1)CCNC(=O)C2=CC3=CC=CC=C3N2CC4=CC(=CC(=N4)C)C)OCC,2,CCOc1ccc(CCNC(=O)c2cc3ccccc3n2Cc2cc(C)cc(C)n2)cc1OCC
588,588,CC(C)CNC1=NC(=NC=C1)NCC2=CSC(=N2)C3=CC=CC=C3,2,CC(C)CNc1ccnc(NCc2csc(-c3ccccc3)n2)n1
589,589,CC(=O)C1=CC=C(C=C1)N2CCN(CC2)C3=C(C=C(C=C3)NC(=O)C4=CC=C(C=C4)F)C(=O)O,2,CC(=O)c1ccc(N2CCN(c3ccc(NC(=O)c4ccc(F)cc4)cc3C(=O)O)CC2)cc1
590,590,COC1=C(C=C(C=C1)C2CC(=O)NC3=C2SC(=N3)N)OC,2,COc1ccc(C2CC(=O)Nc3nc(N)sc32)cc1OC
591,591,CC1=NC=C(C=C1)C2=CC=C(C=C2)CNC3=NC(=NC=C3C)C4=CC=CC=C4C(C)C,2,Cc1ccc(-c2ccc(CNc3nc(-c4ccccc4C(C)C)ncc3C)cc2)cn1
592,592,CC1=CC(=NO1)NS(=O)(=O)C2=CC=C(C=C2)NC(=O)CC3=CC(=C(C=C3)F)Cl,2,Cc1cc(NS(=O)(=O)c2ccc(NC(=O)Cc3ccc(F)c(Cl)c3)cc2)no1
593,593,C1=CC=C(C=C1)COC2=CC(=CC=C2)SC3=CC(=C(C=C3)CCC(CO)(CO)N)Cl,2,NC(CO)(CO)CCc1ccc(Sc2cccc(OCc3ccccc3)c2)cc1Cl
594,594,C1=CC=NC(=C1)C2=NC(=CC(=O)N2)CSC3=CC=C(C=C3)Cl,2,O=c1cc(CSc2ccc(Cl)cc2)nc(-c2ccccn2)[nH]1
595,595,C1=CC=C(C=C1)C2=CN=C(N=C2NC3=CC(=C(C=C3)F)F)C4=CC=NC=C4,2,Fc1ccc(Nc2nc(-c3ccncc3)ncc2-c2ccccc2)cc1F
596,596,COC1=CC(=CC(=C1OC)OC)NC(=O)C2=CC(=NO2)C3=CC=CC=C3O,2,COc1cc(NC(=O)c2cc(-c3ccccc3O)no2)cc(OC)c1OC
597,597,CCN(CC)CCCC(C)NC1=C2C=CC(=CC2=NC(=C1)/C=C/C3=CC=CC=C3Cl)Cl,2,CCN(CC)CCCC(C)Nc1cc(C=Cc2ccccc2Cl)nc2cc(Cl)ccc12
598,598,COC1=CC2=C(C=C1)NC(=O)C(=C2)C3=NOC(=N3)C4=CC(=CC=C4)OC,2,COc1cccc(-c2nc(-c3cc4cc(OC)ccc4[nH]c3=O)no2)c1
599,599,CC1=C(C=CC(=C1)Br)NC(=O)C(C2=CC=CC=C2)NS(=O)(=O)C3=CC=CS3,2,Cc1cc(Br)ccc1NC(=O)C(NS(=O)(=O)c1cccs1)c1ccccc1
600,600,CC1=C([C@H](C(=C(N1)C)C(=O)O[C@@H]2CCCN(C2)CC3=CC=CC=C3)C4=CC(=CC=C4)[N+](=O)[O-])C(=O)OC.Cl,2,COC(=O)C1=C(C)NC(C)=C(C(=O)OC2CCCN(Cc3ccccc3)C2)C1c1cccc([N+](=O)[O-])c1
601,601,CC(=O)N1CCC2=C(C1)SC3=C2C(=O)N(C(=O)N3CC4=CC(=CC=C4)C(F)(F)F)C5=CC=CC=C5,2,CC(=O)N1CCc2c(sc3c2c(=O)n(-c2ccccc2)c(=O)n3Cc2cccc(C(F)(F)F)c2)C1
602,602,CC1=C(C=CN=C1)C2=NC3=CC=CC=C3C(=N2)NC4=CC(=C(C=C4)F)F,2,Cc1cnccc1-c1nc(Nc2ccc(F)c(F)c2)c2ccccc2n1
603,603,CC#CC(=O)N1CCC[C@H]1C2=NC(=C3N2C=CN=C3N)C4=CC=C(C=C4)C(=O)NC5=CC=CC=N5,2,CC#CC(=O)N1CCCC1c1nc(-c2ccc(C(=O)Nc3ccccn3)cc2)c2c(N)nccn12
604,604,CC1=CC(=C(C=C1)C)CN2C3=C(C=CC(=C3)C(=O)N4CCN(CC4)C5=CC=CC=C5F)S(=O)C6=CC=CC=C6C2=O,2,Cc1ccc(C)c(CN2C(=O)c3ccccc3S(=O)c3ccc(C(=O)N4CCN(c5ccccc5F)CC4)cc32)c1
605,605,CN(C)CCN1C(=O)C2=CC=CC3=CC(=CC(=C32)C1=O)N,2,CN(C)CCN1C(=O)c2cccc3cc(N)cc(c23)C1=O
606,606,C1=CSC(=C1)C2=CC(=NC(=N2)S(=O)(=O)CCC(=O)NC3=CC=C(C=C3)OC(F)(F)F)C(F)(F)F,2,O=C(CCS(=O)(=O)c1nc(-c2cccs2)cc(C(F)(F)F)n1)Nc1ccc(OC(F)(F)F)cc1
607,607,C1=CN(C(=C1)C=C2C(=O)NC(=S)NC2=O)C3=CC=C(C=C3)O,2,O=C1NC(=S)NC(=O)C1=Cc1cccn1-c1ccc(O)cc1
608,608,CCNC(=O)C[C@H]1C2=NN=C(N2C3=C(C=C(C=C3)OC)C(=N1)C4=CC=C(C=C4)Cl)C,2,CCNC(=O)CC1N=C(c2ccc(Cl)cc2)c2cc(OC)ccc2-n2c(C)nnc21
609,609,CCC1=CC=C(C=C1)NC(=O)[C@H](CC2=CNC3=CC=CC=C32)NC(=O)[C@@H]4CC5=CC=CC=C5CN4,2,CCc1ccc(NC(=O)C(Cc2c[nH]c3ccccc23)NC(=O)C2Cc3ccccc3CN2)cc1
610,610,C[C@H]1C/C=C/C2[C@@H](C(=C)[C@H](C3[C@@]2([C@H](/C=C/[C@](C1)(C)O)OC(=O)C)C(=O)N[C@H]3CC4=CC=CC=C4)C)O,2,C=C1C(C)C2C(Cc3ccccc3)NC(=O)C23C(OC(C)=O)C=CC(C)(O)CC(C)CC=CC3C1O
611,611,COC1=CC=CC=C1S(=O)(=O)NC2=C(C=CN=C2)C(=O)NC3=NC(=CS3)C4=CC=CC=C4,2,COc1ccccc1S(=O)(=O)Nc1cnccc1C(=O)Nc1nc(-c2ccccc2)cs1
612,612,CC(C)C1=CC=C(C=C1)OCC2=NC3=C(N2CC4=CC=CC=C4)C(=O)N(CCN3)CCOC,2,COCCN1CCNc2nc(COc3ccc(C(C)C)cc3)n(Cc3ccccc3)c2C1=O
613,613,CC1=CC(=C(C=C1Cl)OC)NC(=O)CSC2=NC=C(C(=O)N2)S(=O)(=O)C3=CC=C(C=C3)C(C)(C)C,2,COc1cc(Cl)c(C)cc1NC(=O)CSc1ncc(S(=O)(=O)c2ccc(C(C)(C)C)cc2)c(=O)[nH]1
614,614,CC1=C(C2=C(N1C3=CC=CC=C3)C=CC(=C2)O)C(=O)C,2,CC(=O)c1c(C)n(-c2ccccc2)c2ccc(O)cc12
615,615,CC1=CC=CC2=NC(=C(N12)NC3=CC=C(C=C3)C(C)C)C4=CN=CC=C4,2,Cc1cccc2nc(-c3cccnc3)c(Nc3ccc(C(C)C)cc3)n12
616,616,C[C@@]1(C2=C(C=C(C=C2)C3=CNN=C3)C(=O)N1)C4=NC=NC=C4F,2,CC1(c2ncncc2F)NC(=O)c2cc(-c3cn[nH]c3)ccc21
617,617,C1CCC2=C(C1)N=C3CCCCC3=N2,2,C1CCc2nc3c(nc2C1)CCCC3
618,618,C1CC1(C2=CC=C(C=C2)NC(=O)C3=CC(=NC=C3)C4=NC=CC(=C4)C(=O)O)N,2,NC1(c2ccc(NC(=O)c3ccnc(-c4cc(C(=O)O)ccn4)c3)cc2)CC1
619,619,C1CN(CCC1C2=NN(C(=O)N2)C3=CC=C(C=C3)F)C(=O)C4=CC=CC=C4,2,O=C(c1ccccc1)N1CCC(c2nn(-c3ccc(F)cc3)c(=O)[nH]2)CC1
620,620,CCC(C(=O)NC1=CC=C(C=C1)F)SC2=NC3=CC=CC=C3C4=NC(=NN42)CCC5=C(NN=C5C)C,2,CCC(Sc1nc2ccccc2c2nc(CCc3c(C)n[nH]c3C)nn12)C(=O)Nc1ccc(F)cc1
621,621,CN(C)C1=CC=CC=C1C2=CSC(=N2)N3CCC(CC3)C(=O)N,2,CN(C)c1ccccc1-c1csc(N2CCC(C(N)=O)CC2)n1
622,622,CCC1=C(C=C(C=C1)NC(=O)C2=C(C(=C(N2)C)C(=O)C)C)[S+](=O)(NC3=CC=CC(=C3)C#N)[O-],2,CCc1ccc(NC(=O)c2[nH]c(C)c(C(C)=O)c2C)cc1S(=O)(=O)Nc1cccc(C#N)c1
623,623,C1CNCCC1C2=CC=C(C=C2)NS(=O)(=O)C3=CC=C(C=C3)NCC4=C(C(=CC=C4)Cl)O,2,O=S(=O)(Nc1ccc(C2CCNCC2)cc1)c1ccc(NCc2cccc(Cl)c2O)cc1
624,624,CN(CC1=CN=C2C(=N1)C(=NC(=N2)N)N)C3=CC=C(C=C3)C(=O)N[C@@H](CCC(=O)O)C(=O)O,2,CN(Cc1cnc2nc(N)nc(N)c2n1)c1ccc(C(=O)NC(CCC(=O)O)C(=O)O)cc1
625,625,C1=CC=C2C=C(C=CC2=C1)CC(=O)NC3=CC=C(C=C3)S(=O)(=O)NC4=NC=CS4,2,O=C(Cc1ccc2ccccc2c1)Nc1ccc(S(=O)(=O)Nc2nccs2)cc1
626,626,COC1=CC=C(C=C1)N2C(=O)NC(=N2)C3CCN(CC3)C(=O)C4CC4,2,COc1ccc(-n2nc(C3CCN(C(=O)C4CC4)CC3)[nH]c2=O)cc1
627,627,CN1CCCC1CCOC(C2=CC=CC=C2Cl)C3=CC4=NC=CC(=C4N3)C(=O)O,2,CN1CCCC1CCOC(c1cc2nccc(C(=O)O)c2[nH]1)c1ccccc1Cl
628,628,COC1=C(C=CC(=C1)/C=C(\C#N)/C2=NC3=CC=CC=C3N2)OCC4=CC=C(C=C4)F,2,COc1cc(C=C(C#N)c2nc3ccccc3[nH]2)ccc1OCc1ccc(F)cc1
629,629,CCN(CC)S(=O)(=O)C1=CC=CC(=C1)C(=O)NC2=CC=C(C=C2)C#N,2,CCN(CC)S(=O)(=O)c1cccc(C(=O)Nc2ccc(C#N)cc2)c1
630,630,C1=CC(=CC(=C1)F)NC(=O)C2=CC(=NN2)C3=CC=CN3,2,O=C(Nc1cccc(F)c1)c1cc(-c2ccc[nH]2)n[nH]1
631,631,COC1=CC=CC(=C1)C2=CSC(=N2)N3CCC(CC3)C(=O)N,2,COc1cccc(-c2csc(N3CCC(C(N)=O)CC3)n2)c1
632,632,CCCS(=O)(=O)C1=NC(=CC(=N1)NC2CC2)C3=CC4=C(C=C3)N(C=C4)C5CC(NC(C5)(C)C)(C)C,2,CCCS(=O)(=O)c1nc(NC2CC2)cc(-c2ccc3c(ccn3C3CC(C)(C)NC(C)(C)C3)c2)n1
633,633,CC1=NC(=CC=C1)C2=C(N=C(N2)C(C)(C)C)C3=CC4=NC=CN=C4C=C3,2,Cc1cccc(-c2[nH]c(C(C)(C)C)nc2-c2ccc3nccnc3c2)n1
634,634,C1=CC=C2C(=C1)C(=NC(=N2)N3C=CN=C3)NC4=CC(=C(C=C4)F)F,2,Fc1ccc(Nc2nc(-n3ccnc3)nc3ccccc23)cc1F
635,635,CC1=CC=C(C=C1)S(=O)(=O)NC2=CN=CC(=C2)C(=O)NC3=NC(=CS3)C4=CC=CC=C4,2,Cc1ccc(S(=O)(=O)Nc2cncc(C(=O)Nc3nc(-c4ccccc4)cs3)c2)cc1
636,636,CC1=C(NC(=C1C(=O)C)C)C(=O)NC2=CC(=C(C=C2)OCCCN(C)C)[S+](=O)(NC3=CC=C(C=C3)Br)[O-],2,CC(=O)c1c(C)[nH]c(C(=O)Nc2ccc(OCCCN(C)C)c(S(=O)(=O)Nc3ccc(Br)cc3)c2)c1C
637,637,CCCOC(=O)C1=CC=C(C=C1)OC2=C(NN=C2C3=C(C=C(C=C3)O)O)C,2,CCCOC(=O)c1ccc(Oc2c(-c3ccc(O)cc3O)n[nH]c2C)cc1
638,638,CN1C2=C(C(=O)N(C1=O)C)NC(=O)N2,2,Cn1c(=O)c2[nH]c(=O)[nH]c2n(C)c1=O
639,639,COC1=CC=C(C=C1)NC2=C(C(=O)C3=CC=CC=C32)C4=CC=C(C=C4)C(F)(F)F,2,COc1ccc(NC2=C(c3ccc(C(F)(F)F)cc3)C(=O)c3ccccc32)cc1
640,640,C1CN(CCC1C(=O)N)C2=NC(=CS2)C3=CC4=CC=CC=C4C=C3,2,NC(=O)C1CCN(c2nc(-c3ccc4ccccc4c3)cs2)CC1
641,641,C1=CC=C(C(=C1)C2=NC=CC(=N2)N3C=CN=C3)Cl,2,Clc1ccccc1-c1nccc(-n2ccnc2)n1
642,642,C1CN(CCC2=C1C(=O)NC(=N2)N3CCOCC3)CC4=C(C=CC(=C4)Cl)F,2,O=c1[nH]c(N2CCOCC2)nc2c1CCN(Cc1cc(Cl)ccc1F)CC2
643,643,CC1=C(C(=NO1)C2=CC=CC=C2)C(=O)NC3=NN=C(S3)COC4=CC=C(C=C4)Cl,2,Cc1onc(-c2ccccc2)c1C(=O)Nc1nnc(COc2ccc(Cl)cc2)s1
644,644,COC1=CC2=C(C=C1)C(=C(N2CC3=CC=C(C=C3)C=C)C(=O)O)CNC4CCCCC4,2,C=Cc1ccc(Cn2c(C(=O)O)c(CNC3CCCCC3)c3ccc(OC)cc32)cc1
645,645,CCCCCCCCC1=CC=C(C=C1)CCC(CO)(CO)N,2,CCCCCCCCc1ccc(CCC(N)(CO)CO)cc1
646,646,COC1=C(C(=C(C=C1)C2=CC3=C(C=C2)N=C(O3)C4=CC=C(C=C4)SC)OC)OC,2,COc1ccc(-c2ccc3nc(-c4ccc(SC)cc4)oc3c2)c(OC)c1OC
647,647,C1CC(=O)NC2=CC(=C(C=C21)S(=O)(=O)NC3=CC(=C(C=C3)F)Cl)F,2,O=C1CCc2cc(S(=O)(=O)Nc3ccc(F)c(Cl)c3)c(F)cc2N1
648,648,C1CCN(C1)C(=O)C2=NC(=C3N2C=CC=C3)C4=CN=C(C=C4)Cl,2,O=C(c1nc(-c2ccc(Cl)nc2)c2ccccn12)N1CCCC1
649,649,COC1=CC=C(C=C1)C2=CC=C(O2)C(=O)NC3CC(C3)C4=CC(=O)NC(=N4)N,2,COc1ccc(-c2ccc(C(=O)NC3CC(c4cc(=O)[nH]c(N)n4)C3)o2)cc1
650,650,C1CN(CCC2=C1C(=O)NC(=N2)N3CCOCC3)CC4=C(C=C(C=C4)Cl)F,2,O=c1[nH]c(N2CCOCC2)nc2c1CCN(Cc1ccc(Cl)cc1F)CC2
651,651,CC(C)(C)C1=CC=C(C=C1)N2C=NC3=C2C=CC(=C3)C(=O)N4CCCCC4,2,CC(C)(C)c1ccc(-n2cnc3cc(C(=O)N4CCCCC4)ccc32)cc1
652,652,C1=CC(=C(C=C1NC2=NC(=NC=C2)C3=CC=NC=C3)F)F,2,Fc1ccc(Nc2ccnc(-c3ccncc3)n2)cc1F
653,653,CCNC(=O)C1=CC=C(O1)C2=CC3=C(C=C2)N=CN=C3NCC4CCCO4,2,CCNC(=O)c1ccc(-c2ccc3ncnc(NCC4CCCO4)c3c2)o1
654,654,CCN(C1CCC(CC1)N(C)CCOC)C2=CC(=CC(=C2C)C(=O)NCC3=C(C=C(NC3=O)C)C)C#CCN4CCOCC4,2,CCN(c1cc(C#CCN2CCOCC2)cc(C(=O)NCc2c(C)cc(C)[nH]c2=O)c1C)C1CCC(N(C)CCOC)CC1
655,655,C1=CC\2=C(C=C1Cl)NC(=O)/C2=C/C3=CC(=C(C(=C3)Cl)O)Cl,2,O=C1Nc2cc(Cl)ccc2C1=Cc1cc(Cl)c(O)c(Cl)c1
656,656,COC1=CC=C(C=C1)C2=NC3=C(N2)C=CC=N3,2,COc1ccc(-c2nc3ncccc3[nH]2)cc1
657,657,C1=CC2=C(C(=C1)Cl)/C(=C\C3=CC(=C(C(=C3)Cl)O)Cl)/C(=O)N2,2,O=C1Nc2cccc(Cl)c2C1=Cc1cc(Cl)c(O)c(Cl)c1
658,658,CC[C@@H](C1=CC=CC=C1)NC(=O)C2=C(C(=NC3=CC=CC=C32)C4=CC=CC=C4)O,2,CCC(NC(=O)c1c(O)c(-c2ccccc2)nc2ccccc12)c1ccccc1
659,659,CC1=CC2=C(C=C1)C(=C(N2CC3=CC=C(C=C3)OC)C(=O)O)CNCC4=CC=CO4,2,COc1ccc(Cn2c(C(=O)O)c(CNCc3ccco3)c3ccc(C)cc32)cc1
660,660,C1CN(CCC1C(=O)N)C2=NC(=CS2)C3=CC=CC=C3C4=CC=CC=C4,2,NC(=O)C1CCN(c2nc(-c3ccccc3-c3ccccc3)cs2)CC1
661,661,C1CCN(CC1)CCOC2=CC=CC(=C2)C3=NNC4=C3C=C(C=C4)C5=NC=NN5,2,c1cc(OCCN2CCCCC2)cc(-c2n[nH]c3ccc(-c4ncn[nH]4)cc23)c1
662,662,CCCC1=C(C2=C(O1)C=CC(=C2)NS(=O)(=O)C3=CC=C(C=C3)OC)C(=O)OCC,2,CCCc1oc2ccc(NS(=O)(=O)c3ccc(OC)cc3)cc2c1C(=O)OCC
663,663,CC1=CC(=NC=C1)NC(=S)N2CCN(CC2)C3=C(C=C(C=C3)Cl)Cl,2,Cc1ccnc(NC(=S)N2CCN(c3ccc(Cl)cc3Cl)CC2)c1
664,664,COC1=CC=C(C=C1)CN2CCN(CC2)C(=O)C3=CC4=C(S3)CCC4,2,COc1ccc(CN2CCN(C(=O)c3cc4c(s3)CCC4)CC2)cc1
665,665,COC1=CC=CC(=C1)N2C(=CC(=N2)C(=O)O)C3=CC(=C(C=C3)C4CCCCC4)Cl,2,COc1cccc(-n2nc(C(=O)O)cc2-c2ccc(C3CCCCC3)c(Cl)c2)c1
666,666,CC(C1=CC=CC=C1)NC2=C(N=C(O2)C3=CC=C(O3)COC4=CC=C(C=C4)OC)C#N,2,COc1ccc(OCc2ccc(-c3nc(C#N)c(NC(C)c4ccccc4)o3)o2)cc1
667,667,C1CN(CCC1C#N)C2=NC(=CS2)C3=CC=C(C=C3)Br,2,N#CC1CCN(c2nc(-c3ccc(Br)cc3)cs2)CC1
668,668,C1CN(CCC1C(=O)N)C2=NC(=CS2)C3=CC=C(C=C3)OC4=CC=CC=C4,2,NC(=O)C1CCN(c2nc(-c3ccc(Oc4ccccc4)cc3)cs2)CC1
669,669,CC1=C(C=CC(=C1)SCC2=C(N=C(S2)C3=CC(=C(C=C3)C(F)(F)F)F)C)OCC(=O)O,2,Cc1cc(SCc2sc(-c3ccc(C(F)(F)F)c(F)c3)nc2C)ccc1OCC(=O)O
670,670,COC1=C(N=C(O1)C2=CC=CC3=CC=CC=C32)C(=O)O,2,COc1oc(-c2cccc3ccccc23)nc1C(=O)O
671,671,CCC[C@@H](C1=CC=CC=C1)NC(=O)C(=CC2=NC(=CC=C2)Br)C#N,2,CCCC(NC(=O)C(C#N)=Cc1cccc(Br)n1)c1ccccc1
672,672,COC1=CC=CC(=C1O)CNC2=CC=C(C=C2)S(=O)(=O)NC3=CN=CC=C3,2,COc1cccc(CNc2ccc(S(=O)(=O)Nc3cccnc3)cc2)c1O
673,673,C1CC2=C(C(N=C(N2)NC3=NC4=C(O3)C=CC(=C4)F)C5=C(C=NN5)Cl)C(=O)C1,2,O=C1CCCC2=C1C(c1[nH]ncc1Cl)N=C(Nc1nc3cc(F)ccc3o1)N2
674,674,CC1=CC(=C(N1C2=CC=CC(=C2)C(F)(F)F)C)C3=NN=C4N3CCCCC4,2,Cc1cc(-c2nnc3n2CCCCC3)c(C)n1-c1cccc(C(F)(F)F)c1
675,675,C1CN(CCN1)C2=NC(=CS2)C3=CC=C(C=C3)Br,2,Brc1ccc(-c2csc(N3CCNCC3)n2)cc1
676,676,CC(C)C1=CC=CC=C1C2=NC=C(C(=N2)NCC3CCN(C3)C4=NC=CN=C4)F,2,CC(C)c1ccccc1-c1ncc(F)c(NCC2CCN(c3cnccn3)C2)n1
677,677,CNC1=C(N=C(O1)C2=C(C(=CC=C2)Cl)Cl)C#N,2,CNc1oc(-c2cccc(Cl)c2Cl)nc1C#N
678,678,C1CCN(C1)C2=NC=C(C=C2)CNC(=O)C3=C(C=CC(=C3)Cl)O,2,O=C(NCc1ccc(N2CCCC2)nc1)c1cc(Cl)ccc1O
679,679,CCOC1=C(C=C(C=C1)CCNC(=O)C2=CC3=C(N2CC4=CC=CC(=N4)C)C=CC=N3)OCC,2,CCOc1ccc(CCNC(=O)c2cc3ncccc3n2Cc2cccc(C)n2)cc1OCC
680,680,CC1=CC=C(C=C1)N2C3=NC=NC(=C3C=N2)NC4=CC=CC(=C4)C(=O)O,2,Cc1ccc(-n2ncc3c(Nc4cccc(C(=O)O)c4)ncnc32)cc1
681,681,COC1=CC=CC(=C1CNC2=CC=C(C=C2)S(=O)(=O)NC3=NC=CS3)O,2,COc1cccc(O)c1CNc1ccc(S(=O)(=O)Nc2nccs2)cc1
682,682,CN1CCC2=CC(=C3C4=C2[C@H]1CC5=CC=C(C=C5)OC6=C(C=CC(=C6)C[C@H]7C8=CC(=C(O3)C=C8CCN7)O4)OC)OC,2,COc1ccc2cc1Oc1ccc(cc1)CC1c3c(cc(OC)c4c3Oc3cc5c(cc3O4)CCNC5C2)CCN1C
683,683,C1CC(=O)NC2=C1C=CC(=C2)OCCCCN3CCN(CC3)C4=C(C(=CC=C4)Cl)Cl,2,O=C1CCc2ccc(OCCCCN3CCN(c4cccc(Cl)c4Cl)CC3)cc2N1
684,684,CC1=C(C(=NO1)C)C2=C(C=C3C(=C2)N=CC4=C3N(C(=O)N4)[C@H](C)C5=CC=CC=N5)OC,2,COc1cc2c(cc1-c1c(C)noc1C)ncc1[nH]c(=O)n(C(C)c3ccccn3)c12
685,685,C1=CC=C2C(=C1)C(=NC(=N2)C3=CC=NC=C3)NC4=CC(=C(C=C4)C5=CC(=CC=C5)OC(F)(F)F)F,2,Fc1cc(Nc2nc(-c3ccncc3)nc3ccccc23)ccc1-c1cccc(OC(F)(F)F)c1
686,686,C1CNCCC1C2=CC=C(C=C2)N[S+](=O)(C3=CC=C(C=C3)NCC4=C(C=C(C=C4)Cl)O)[O-],2,O=S(=O)(Nc1ccc(C2CCNCC2)cc1)c1ccc(NCc2ccc(Cl)cc2O)cc1
687,687,COC1=CC(=CC(=C1OC)OC)C2=CSC(=N2)N3CCC(CC3)C(=O)N,2,COc1cc(-c2csc(N3CCC(C(N)=O)CC3)n2)cc(OC)c1OC
688,688,CC1=C(C(N=C(N1)NC2=NC3=CC=CC=C3O2)C4=NN(C=C4Cl)C)C(=O)NC5=NN=CS5,2,CC1=C(C(=O)Nc2nncs2)C(c2nn(C)cc2Cl)N=C(Nc2nc3ccccc3o2)N1
689,689,CN1C=CC2=C(N=C(C=C21)C3=CC=CC=C3C#N)C(=O)NCC4=CN=CC=C4,2,Cn1ccc2c(C(=O)NCc3cccnc3)nc(-c3ccccc3C#N)cc21
690,690,CC1=C(C=C(C=C1)NC(=O)NCC2CCN(CC2)CC3=CC(=CC=C3)Cl)Cl,2,Cc1ccc(NC(=O)NCC2CCN(Cc3cccc(Cl)c3)CC2)cc1Cl
691,691,CC1=CC(=C(N1C2=CC=NC=C2)C)C3=NN=C4N3CCCCC4,2,Cc1cc(-c2nnc3n2CCCCC3)c(C)n1-c1ccncc1
692,692,COC1=CC=C(C=C1)NC2=NC(=NO2)C3=CC(=CC=C3)OC,2,COc1ccc(Nc2nc(-c3cccc(OC)c3)no2)cc1
693,693,CCN1C2=C(C=C1C(=O)N3CCCC(C3)C(=O)NCCC4=CC=C(C=C4)C)SC=C2,2,CCn1c(C(=O)N2CCCC(C(=O)NCCc3ccc(C)cc3)C2)cc2sccc21
694,694,CCC1=CC=CC=C1N2C(=N)C3=C(NN=C3N=C2SCC(=O)NC4=CC=C(C=C4)C)C,2,CCc1ccccc1-n1c(SCC(=O)Nc2ccc(C)cc2)nc2n[nH]c(C)c2c1=N
695,695,CC1=C(SC2=C1C(=N[C@H](C3=NN=C(N32)C)CC(=O)OC(C)(C)C)C4=CC=C(C=C4)Cl)C,2,Cc1sc2c(c1C)C(c1ccc(Cl)cc1)=NC(CC(=O)OC(C)(C)C)c1nnc(C)n1-2
696,696,C1CNCCC1(C2=CC=C(C=C2)C3=CNN=C3)C4=CC=C(C=C4)Cl,2,Clc1ccc(C2(c3ccc(-c4cn[nH]c4)cc3)CCNCC2)cc1
697,697,CC(=O)NC1=CC=C(C=C1)NC(=O)C(C2=CC=CC=C2)NS(=O)(=O)C3=CC=C(S3)Br,2,CC(=O)Nc1ccc(NC(=O)C(NS(=O)(=O)c2ccc(Br)s2)c2ccccc2)cc1
698,698,CN1CCN(CC1)C2=NC=CC(=C2)C3=NC4=CC=CC=C4C(=N3)NC5=CC(=C(C=C5)F)F,2,CN1CCN(c2cc(-c3nc(Nc4ccc(F)c(F)c4)c4ccccc4n3)ccn2)CC1
699,699,CC1=CC(=NO1)NS(=O)(=O)C2=CC=C(C=C2)C(=O)NCC3=CC(=C(C=C3)Cl)Cl,2,Cc1cc(NS(=O)(=O)c2ccc(C(=O)NCc3ccc(Cl)c(Cl)c3)cc2)no1
700,700,COC1=CC(=C(C=C1)OC)C2=NN=C3N2N=C(CS3)C4=C(C=CC=C4OC)OC,2,COc1ccc(OC)c(-c2nnc3n2N=C(c2c(OC)cccc2OC)CS3)c1
701,701,C1CC2=C(C(N=C(N2)NC3=NC4=C(O3)C(=CC=C4)Cl)C5=C(C=NN5)Cl)C(=O)C1,2,O=C1CCCC2=C1C(c1[nH]ncc1Cl)N=C(Nc1nc3cccc(Cl)c3o1)N2
702,702,CCOC1=C(C=C(C=C1)CCNC(=O)C2=CC3=C(N2C)C=CS3)OCC,2,CCOc1ccc(CCNC(=O)c2cc3sccc3n2C)cc1OCC
703,703,CCN1C(=NC(=N1)C2CCN(CC2)C(=O)CCO)C3=CN=C(C(=N3)C4=NN=C(O4)C(C)(C)C)N,2,CCn1nc(C2CCN(C(=O)CCO)CC2)nc1-c1cnc(N)c(-c2nnc(C(C)(C)C)o2)n1
704,704,CC1=CN=C(N=C1NCC2=CC=C(C=C2)C3=CN=CC=C3)C4=CC=CC=C4C5COC5,2,Cc1cnc(-c2ccccc2C2COC2)nc1NCc1ccc(-c2cccnc2)cc1
705,705,CCCCCN1C(=O)C2=C(C=C(C=C2)C(=O)NCCCN3CCCCC3)NC1=O,2,CCCCCn1c(=O)[nH]c2cc(C(=O)NCCCN3CCCCC3)ccc2c1=O
706,706,C1CC(=O)NC1CNC(=O)C2=C3C=CNC3=CC(=N2)C4=CC=CC=C4,2,O=C1CCC(CNC(=O)c2nc(-c3ccccc3)cc3[nH]ccc23)N1
707,707,COC1=CC=CC(=C1N)CNC2=CC=C(C=C2)S(=O)(=O)NC3=NC=CS3,2,COc1cccc(CNc2ccc(S(=O)(=O)Nc3nccs3)cc2)c1N
708,708,CC1=CC=CC=C1NC(=O)NC2=CC=CS2,2,Cc1ccccc1NC(=O)Nc1cccs1
709,709,COC1=C(C=C(C=C1)C2=CSC(=N2)N3CCC(CC3)C(=O)N)OC,2,COc1ccc(-c2csc(N3CCC(C(N)=O)CC3)n2)cc1OC
710,710,CC1=C(N(C(=C1C(=O)C)C)C)C(=O)NC2=CC(=C(C=C2)OC)[S+](=O)(NC3=CC=C(C=C3)Br)[O-],2,COc1ccc(NC(=O)c2c(C)c(C(C)=O)c(C)n2C)cc1S(=O)(=O)Nc1ccc(Br)cc1
711,711,C1CN(CC2=C1N=C(N2)C3=CC=C(C=C3)C(=O)N)C(=O)CN4CCOCC4,2,NC(=O)c1ccc(-c2nc3c([nH]2)CN(C(=O)CN2CCOCC2)CC3)cc1
712,712,C1=CC=C(C=C1)C2=CC=C(C=C2)S(=O)(=O)NC3=C(C=CN=C3)C(=O)NC4=NC(=CS4)C5=CC=CC=C5,2,O=C(Nc1nc(-c2ccccc2)cs1)c1ccncc1NS(=O)(=O)c1ccc(-c2ccccc2)cc1
713,713,COC1=CC=CC(=C1)NC2=NC(=NC3=CC=CC=C32)C4=CC=NC=C4,2,COc1cccc(Nc2nc(-c3ccncc3)nc3ccccc23)c1
714,714,C1=CC=C(C(=C1)CS(=O)(=O)C2=NC=C(C(=N2)C(=O)NC3=CC=CC=C3F)Cl)F,2,O=C(Nc1ccccc1F)c1nc(S(=O)(=O)Cc2ccccc2F)ncc1Cl
715,715,CCN1CCN(CC1)C(=O)CCCN2C(=O)C3=NN(C(=C3C(=N2)C)C)C4=CC=C(C=C4)C,2,CCN1CCN(C(=O)CCCn2nc(C)c3c(C)n(-c4ccc(C)cc4)nc3c2=O)CC1
716,716,C[C@@]12C3=CC=CC=C3C[C@@H](N1)C4=CC=CC=C24,2,CC12NC(Cc3ccccc31)c1ccccc12
717,717,CC(C)OC1=CC=C(C=C1)CNC(=O)C2CCN(CC2)C(=O)N3CCOC4=C3C=C(C=C4)Cl,2,CC(C)Oc1ccc(CNC(=O)C2CCN(C(=O)N3CCOc4ccc(Cl)cc43)CC2)cc1
718,718,CC1=C(N(C(=C1C(=O)C)C)C)C(=O)NC2=CC(=CC=C2)[S+](=O)(N3CCCCCC3)[O-],2,CC(=O)c1c(C)c(C(=O)Nc2cccc(S(=O)(=O)N3CCCCCC3)c2)n(C)c1C
719,719,COC(=O)CNC(=O)C1=NC(=C2N1C=CN=C2)C3=CC=C(C=C3)[S+](=O)(C)[O-],2,COC(=O)CNC(=O)c1nc(-c2ccc(S(C)(=O)=O)cc2)c2cnccn12
720,720,C1COCCN1C2=NC=NC3=C2C=CC(=C3)NC(=O)C4=CC(=CC=C4)Br,2,O=C(Nc1ccc2c(N3CCOCC3)ncnc2c1)c1cccc(Br)c1
721,721,C1=NC2=C(N1)C(=O)NC=N2,2,O=c1[nH]cnc2nc[nH]c12
722,722,CC1CCN(CC1)S(=O)(=O)C2=CC3=C(C=C2)N(C(=O)C=C3)CC(=O)NCC4=CC=C(C=C4)Cl,2,CC1CCN(S(=O)(=O)c2ccc3c(ccc(=O)n3CC(=O)NCc3ccc(Cl)cc3)c2)CC1
723,723,C1CN(CC2=CN=C(C=C2N1)NC3=CC=CC=C3)CC4=CC(=CC=C4)F,2,Fc1cccc(CN2CCNc3cc(Nc4ccccc4)ncc3C2)c1
724,724,C1=CC=C2C(=C1)C(=NC(=N2)C3=CC=NC=C3)NC4=CC(=C(C=C4)C5=C(C=C(C=C5)F)Cl)F,2,Fc1ccc(-c2ccc(Nc3nc(-c4ccncc4)nc4ccccc34)cc2F)c(Cl)c1
725,725,C1CN(CCC1C(=O)N)C2=NC(=CS2)C3=CC4=C(C=C3)OC=CC4=O,2,NC(=O)C1CCN(c2nc(-c3ccc4occc(=O)c4c3)cs2)CC1
726,726,COC1=CC=CC=C1NC2=NC(=NC=C2)N3CCN(CC3)C(=O)C4=CC=C(C=C4)F,2,COc1ccccc1Nc1ccnc(N2CCN(C(=O)c3ccc(F)cc3)CC2)n1
727,727,C1=CC(=C(C=C1Cl)C2=NC3=NC=CN=C3C(=N2)NC4=CC=NC=C4)F,2,Fc1ccc(Cl)cc1-c1nc(Nc2ccncc2)c2nccnc2n1
728,728,CC1=C(N(C(=C1C(=O)C)C)C)C(=O)NC2=CC(=CC=C2)[S+](=O)(N(C)C)[O-],2,CC(=O)c1c(C)c(C(=O)Nc2cccc(S(=O)(=O)N(C)C)c2)n(C)c1C
729,729,C1=NC(=C2C(=N1)N(C=N2)[C@@H]3[C@@H]([C@@H]([C@@H](O3)CO)O)N)N,2,Nc1ncnc2c1ncn2C1OC(CO)C(O)C1N
730,730,CCOC(=O)C1=CC=C(C=C1)NC(=O)CSC2=NC3=C(C=C2C#N)N4CCC3CC4,2,CCOC(=O)c1ccc(NC(=O)CSc2nc3c(cc2C#N)N2CCC3CC2)cc1
731,731,CCOC(=O)C1=CC(=NC2=C1C(=NN2CCC#N)C)C3=CC=CO3,2,CCOC(=O)c1cc(-c2ccco2)nc2c1c(C)nn2CCC#N
732,732,CC1=CC(=C(N1)C(=O)NC2=CC(=CC=C2)[S+](=O)(N3CCCCCC3)[O-])C,2,Cc1cc(C)c(C(=O)Nc2cccc(S(=O)(=O)N3CCCCCC3)c2)[nH]1
733,733,CC1=CC=C(C=C1)S(=O)(=O)N2C=C(C3=CC=CC=C32)C(=O)NC4=NC(=CS4)C5=CC=CC=C5,2,Cc1ccc(S(=O)(=O)n2cc(C(=O)Nc3nc(-c4ccccc4)cs3)c3ccccc32)cc1
734,734,C1CN(CCC1C(=O)N)C2=NC(=CS2)C3=CC=CC=C3C(F)(F)F,2,NC(=O)C1CCN(c2nc(-c3ccccc3C(F)(F)F)cs2)CC1
735,735,CC1=CC(=NC(=C1)NC(=S)N2CCN(CC2)C3=CC(=CC=C3)[N+](=O)[O-])C,2,Cc1cc(C)nc(NC(=S)N2CCN(c3cccc([N+](=O)[O-])c3)CC2)c1
736,736,C1CN(CCC1C2=NOC3=C2C=CC(=C3)F)C(=O)C4CC(=O)N(C4)C5=NNC6=CC=CC=C65,2,O=C(C1CC(=O)N(c2n[nH]c3ccccc23)C1)N1CCC(c2noc3cc(F)ccc23)CC1
737,737,C1=CC2=C(C=CC(=C2N=C1)O)CNC3=C(C=C(C=C3)F)F,2,Oc1ccc(CNc2ccc(F)cc2F)c2cccnc12
738,738,C1CN(CCC1C(=O)N)C2=NC(=CS2)C3=CC=CC=C3F,2,NC(=O)C1CCN(c2nc(-c3ccccc3F)cs2)CC1
739,739,CN(C)C1=CC=CC(=C1)C2=CN=C(C3=C2CCO3)NC4=CN=CC=C4,2,CN(C)c1cccc(-c2cnc(Nc3cccnc3)c3c2CCO3)c1
740,740,CC1=CC=C(C=C1)S(=O)(=O)NC2=C(C=C(C=C2)F)C(=O)NC3=NC(=CS3)C4=CC=CC=C4,2,Cc1ccc(S(=O)(=O)Nc2ccc(F)cc2C(=O)Nc2nc(-c3ccccc3)cs2)cc1
741,741,COC(=O)NC1=NC2=C(N1)C=C(C=C2)C(=O)C3=CC=CC=C3,2,COC(=O)Nc1nc2ccc(C(=O)c3ccccc3)cc2[nH]1
742,742,C1=CC=C(C(=C1)S(=O)(=O)NC2=C(C=CN=C2)C(=O)NC3=NC(=CS3)C4=CC=C(C=C4)F)Cl,2,O=C(Nc1nc(-c2ccc(F)cc2)cs1)c1ccncc1NS(=O)(=O)c1ccccc1Cl
743,743,CC(=O)NC1CCN(CC1)C2=NC(=CS2)C3=CC=C(C=C3)Br,2,CC(=O)NC1CCN(c2nc(-c3ccc(Br)cc3)cs2)CC1
744,744,C1=CC(=CC=C1NCC2=C(C=C(C=C2)N)O)[S+](=O)(NC3=NC=CS3)[O-],2,Nc1ccc(CNc2ccc(S(=O)(=O)Nc3nccs3)cc2)c(O)c1
745,745,C1=CC=C(C=C1)C2=CSC(=N2)NC(=O)C3=C(C=NC=C3)NS(=O)(=O)C4=C(C=C(C=C4)F)F,2,O=C(Nc1nc(-c2ccccc2)cs1)c1ccncc1NS(=O)(=O)c1ccc(F)cc1F
746,746,C1=CC(=CC(=C1)C(=O)NCCO)C2=CC(=NC=N2)NC3=CC=C(C=C3)OC(F)(F)F,2,O=C(NCCO)c1cccc(-c2cc(Nc3ccc(OC(F)(F)F)cc3)ncn2)c1
747,747,CCCC1=NC2=C(C=CC(=C2)C(=O)NC3CCCC3)SC4=C1C=C(C=C4)C,2,CCCC1=Nc2cc(C(=O)NC3CCCC3)ccc2Sc2ccc(C)cc21
748,748,CC1=C(C(=CC=C1)C)C(=O)NC2=CC(=C(C=C2)OC)[S+](=O)(NC3=CC=C(C=C3)Br)[O-],2,COc1ccc(NC(=O)c2c(C)cccc2C)cc1S(=O)(=O)Nc1ccc(Br)cc1
749,749,CC1=CC(=CC=C1)N2C=NC3=C2C=CC(=C3)C(=O)N4CCCC(C4)C(F)(F)F,2,Cc1cccc(-n2cnc3cc(C(=O)N4CCCC(C(F)(F)F)C4)ccc32)c1
750,750,CC1=NOC(=C1S(=O)(=O)N2CCC(CC2)C(=O)NC3=CC=C(C=C3)C#N)/C=C/C4=CC=CC=C4F,2,Cc1noc(C=Cc2ccccc2F)c1S(=O)(=O)N1CCC(C(=O)Nc2ccc(C#N)cc2)CC1
751,751,CC1=C(NC(=C1C(=O)C)C)C(=O)NC2=CC(=CC=C2)S(=O)(=O)NC3=CC=CC=C3OC,2,COc1ccccc1NS(=O)(=O)c1cccc(NC(=O)c2[nH]c(C)c(C(C)=O)c2C)c1
752,752,CC1=NC=C(C=C1)C(=O)N2CCC3=C(C2)N=C4C=C(NN4C3=O)C5=CC=CC=C5,2,Cc1ccc(C(=O)N2CCc3c(nc4cc(-c5ccccc5)[nH]n4c3=O)C2)cn1
753,753,CN1CCN(CC1)C2=CC=C(C=C2)NC3=NC=C(C(=N3)OC4=CC=CC(=C4)NC(=O)C=C)Cl,2,C=CC(=O)Nc1cccc(Oc2nc(Nc3ccc(N4CCN(C)CC4)cc3)ncc2Cl)c1
754,754,CC1=CC(=C(N1C2=CC(=CC=C2)Cl)C)C3=NN=C4N3CCCCC4,2,Cc1cc(-c2nnc3n2CCCCC3)c(C)n1-c1cccc(Cl)c1
755,755,CC(C)N(CCC(=O)C1=CC2=CC=CC=C2C=C1)CC3=CC=CC=C3,2,CC(C)N(CCC(=O)c1ccc2ccccc2c1)Cc1ccccc1
756,756,COC1=CC=CC(=C1OC)CNC2=CC=C(C=C2)S(=O)(=O)NC3=NC=CS3,2,COc1cccc(CNc2ccc(S(=O)(=O)Nc3nccs3)cc2)c1OC
757,757,CC1=NC2=C(N1)C=C(C=C2)C(=O)N3CCC4(CC3)CC5=C(C(=O)C4)N(N=C5)C(C)C,2,Cc1nc2ccc(C(=O)N3CCC4(CC3)CC(=O)c3c(cnn3C(C)C)C4)cc2[nH]1
758,758,CNC1=C(C=CC(=N1)C2=CC=CC3=CC=CC=C32)C#N,2,CNc1nc(-c2cccc3ccccc23)ccc1C#N
759,759,COC1=CC=CC(=C1O)CNC2=CC=C(C=C2)S(=O)(=O)NC3=NC4=CC=CC=C4O3,2,COc1cccc(CNc2ccc(S(=O)(=O)Nc3nc4ccccc4o3)cc2)c1O
760,760,CC1(CCC(=C(C1)CN2CCN(CC2)C3=CC=C(C=C3)C(=O)NS(=O)(=O)C4=CC(=C(C=C4)N[C@H](CCN5CCOCC5)CSC6=CC=CC=C6)S(=O)(=O)C(F)(F)F)C7=CC=C(C=C7)Cl)C,2,CC1(C)CCC(c2ccc(Cl)cc2)=C(CN2CCN(c3ccc(C(=O)NS(=O)(=O)c4ccc(NC(CCN5CCOCC5)CSc5ccccc5)c(S(=O)(=O)C(F)(F)F)c4)cc3)CC2)C1
761,761,CC1=CC=C(C=C1)N(C)S(=O)(=O)C2=CC=C(C=C2)C3=CN=C(O3)C4CC4,2,Cc1ccc(N(C)S(=O)(=O)c2ccc(-c3cnc(C4CC4)o3)cc2)cc1
762,762,CC1=C(NC(=C1C(=O)C)C)C(=O)NC2=CC(=C(C=C2)OC)[S+](=O)(NC3=CC=CC=C3C#N)[O-],2,COc1ccc(NC(=O)c2[nH]c(C)c(C(C)=O)c2C)cc1S(=O)(=O)Nc1ccccc1C#N
763,763,C1CN(CC1NC(=O)C2=CC=CC=C2)C3=NNC(=C3)C4=CC=C(C=C4)Cl,2,O=C(NC1CCN(c2cc(-c3ccc(Cl)cc3)[nH]n2)C1)c1ccccc1
764,764,CNC1=NC=CC(=N1)C2=CC=CC3=CC=CC=C32,2,CNc1nccc(-c2cccc3ccccc23)n1
765,765,C1=CC(=C(C(=C1)[N+](=O)[O-])O)CNC2=CC=C(C=C2)S(=O)(=O)NC3=NC=CS3,2,O=[N+]([O-])c1cccc(CNc2ccc(S(=O)(=O)Nc3nccs3)cc2)c1O
766,766,CC(C)(C)C1=CC=C(C=C1)C(=O)NC2=CN3C=C(C=CC3=N2)N4C=CN=C4,2,CC(C)(C)c1ccc(C(=O)Nc2cn3cc(-n4ccnc4)ccc3n2)cc1
767,767,COC1=CC2=C(C=C1)OC(=N2)NC3=NC(C4=C(N3)CCCC4=O)C5=C(C=NN5)Cl,2,COc1ccc2oc(NC3=NC(c4[nH]ncc4Cl)C4=C(CCCC4=O)N3)nc2c1
768,768,CC(=O)C1=C(N=C(S1)NC(=O)C2=CC=CO2)C3=CC=CC=C3,2,CC(=O)c1sc(NC(=O)c2ccco2)nc1-c1ccccc1
769,769,CN1CCN(CC1)C2=NC3=C(C=CC(=C3)Cl)NC4=CC=CC=C42,2,CN1CCN(C2=Nc3cc(Cl)ccc3Nc3ccccc32)CC1
770,770,C1CNCCC1C2=CC=C(C=C2)N[S+](=O)(C3=CC=C(C=C3)NCC4=C(C=C(C=C4)Br)O)[O-],2,O=S(=O)(Nc1ccc(C2CCNCC2)cc1)c1ccc(NCc2ccc(Br)cc2O)cc1
771,771,CCOC(=O)C1CCN(CC1)C(=O)C(C)(C)NC(=O)NC2=CC=C(C=C2)C3=CC=CC=C3,2,CCOC(=O)C1CCN(C(=O)C(C)(C)NC(=O)Nc2ccc(-c3ccccc3)cc2)CC1
772,772,CC1=CC(=C(C(=O)N1)CNC(=O)C2=C3C=CNC3=CC(=N2)C4=C(N=CC=C4)OC)C,2,COc1ncccc1-c1cc2[nH]ccc2c(C(=O)NCc2c(C)cc(C)[nH]c2=O)n1
773,773,COC(=O)CNC(=O)C1=NC(=C2N1C=CN=C2)C3=C(C=C(C=C3)Cl)Cl,2,COC(=O)CNC(=O)c1nc(-c2ccc(Cl)cc2Cl)c2cnccn12
774,774,C1=CC(=CC(=C1)N2C=CC=C2/C=C/3\C(=O)N(C(=O)N3)C4=CC(=CC=C4)Cl)C(=O)O,2,O=C(O)c1cccc(-n2cccc2C=C2NC(=O)N(c3cccc(Cl)c3)C2=O)c1
775,775,CC1CCCCN1C2=NC=NC(=C2[N+](=O)[O-])N,2,CC1CCCCN1c1ncnc(N)c1[N+](=O)[O-]
776,776,CC1=C(C=C(C=C1)N2C3=NC=NC(=C3C=N2)NC(C)COC)C,2,COCC(C)Nc1ncnc2c1cnn2-c1ccc(C)c(C)c1
777,777,COC1=CC=CC=C1N2CCN(CC2)CCN(C3=CC=CC=N3)C(=O)C4=CC=C(C=C4)F,2,COc1ccccc1N1CCN(CCN(C(=O)c2ccc(F)cc2)c2ccccn2)CC1
778,778,C1COCCN1C2=CC(=O)C3=C(O2)C4=CC=CC=C4C=C3,2,O=c1cc(N2CCOCC2)oc2c1ccc1ccccc12
779,779,CCOC(=O)C1=C(C(=C(N1)C)CCC(=O)N2CCN(CC2)C3=CC=CC(=C3C)C)C,2,CCOC(=O)c1[nH]c(C)c(CCC(=O)N2CCN(c3cccc(C)c3C)CC2)c1C
780,780,CCN(CCCOC1=CC2=C(C=C1)C(=NC=N2)NC3=NNC(=C3)CC(=O)NC4=CC(=CC=C4)F)CCOP(=O)(O)O,2,CCN(CCCOc1ccc2c(Nc3cc(CC(=O)Nc4cccc(F)c4)[nH]n3)ncnc2c1)CCOP(=O)(O)O
781,781,COC1=CC=C(C=C1)N2C(=O)NC(=N2)C3CCCN(C3)C(=O)C4=CC=CC=C4F,2,COc1ccc(-n2nc(C3CCCN(C(=O)c4ccccc4F)C3)[nH]c2=O)cc1
782,782,C1=CC2=C(C=C1I)C(=CC3=CC(=C(C(=C3)Br)O)Br)C(=O)N2,2,O=C1Nc2ccc(I)cc2C1=Cc1cc(Br)c(O)c(Br)c1
783,783,CC1=CC=C(C=C1)S(=O)(=O)NC2=C(C=CN=C2)C(=O)NC3=NC(=CS3)C4=CC(=CC=C4)OC,2,COc1cccc(-c2csc(NC(=O)c3ccncc3NS(=O)(=O)c3ccc(C)cc3)n2)c1
784,784,CC1=C(C(=CC=C1)CNC2=CC=C(C=C2)S(=O)(=O)NC3=NC=CS3)O,2,Cc1cccc(CNc2ccc(S(=O)(=O)Nc3nccs3)cc2)c1O
785,785,CC1=CSC(=N1)NS(=O)(=O)C2=CC=C(C=C2)NCC3=C(C(=CC=C3)OC)O,2,COc1cccc(CNc2ccc(S(=O)(=O)Nc3nc(C)cs3)cc2)c1O
786,786,CC1=CC=C(C=C1)S(=O)(=O)NC2=CC=CC(=C2Cl)C(=O)NC3=NC(=CS3)C4=CC=CC=C4,2,Cc1ccc(S(=O)(=O)Nc2cccc(C(=O)Nc3nc(-c4ccccc4)cs3)c2Cl)cc1
787,787,CN(C)[C@@H]1CCN(C1)C2=CC=CC(=C2)NC3=NN4C(=O)C5=CC=CC=C5N=C4S3,2,CN(C)C1CCN(c2cccc(Nc3nn4c(=O)c5ccccc5nc4s3)c2)C1
788,788,CC1=C(C=CC=N1)C(=O)NC2=CC(=C(C=C2)OC)[S+](=O)(NC3=CC=C(C=C3)Br)[O-],2,COc1ccc(NC(=O)c2cccnc2C)cc1S(=O)(=O)Nc1ccc(Br)cc1
789,789,CN1C=C(C=C1C(=O)NC2=CC(=C(C=C2)Cl)C(F)(F)F)S(=O)(=O)N3CCCCCC3,2,Cn1cc(S(=O)(=O)N2CCCCCC2)cc1C(=O)Nc1ccc(Cl)c(C(F)(F)F)c1
790,790,COC1=CC=CC=C1N2CCN(CC2)C3=NC4=C(C=C3)C=C(C=C4)S(=O)(=O)N5CCCCC5,2,COc1ccccc1N1CCN(c2ccc3cc(S(=O)(=O)N4CCCCC4)ccc3n2)CC1
791,791,CCOC1=CC=C(C=C1)N2CC(CC2=O)C3=NC(=NO3)C4=CC=CC=N4,2,CCOc1ccc(N2CC(c3nc(-c4ccccn4)no3)CC2=O)cc1
792,792,CN1C=C(C(=N1)C2C3=C(CCCC3=O)NC(=N2)NC4=NC5=CC=CC=C5O4)Cl,2,Cn1cc(Cl)c(C2N=C(Nc3nc4ccccc4o3)NC3=C2C(=O)CCC3)n1
793,793,CC[C@@H](C1=NC2=C(C(=CC=C2)F)C(=O)N1C3=CC=CC=C3)NC4=NC=NC5=C4NC=N5,2,CCC(Nc1ncnc2nc[nH]c12)c1nc2cccc(F)c2c(=O)n1-c1ccccc1
794,794,CC1=CC2=C(C=C1)SC3=C(C=C(C=C3)C(=O)NC4CCCC4)N=C2C,2,CC1=Nc2cc(C(=O)NC3CCCC3)ccc2Sc2ccc(C)cc21
795,795,COC1=CC=CC=C1C2=NC3=CC=CC=C3C(=N2)NCC4=CC=C(C=C4)C5=CN=CC=C5,2,COc1ccccc1-c1nc(NCc2ccc(-c3cccnc3)cc2)c2ccccc2n1
796,796,COC1=CC2=C(C=C1)NC(=O)C(=C2)C3=NOC(=N3)C4=CC=CC=C4,2,COc1ccc2[nH]c(=O)c(-c3noc(-c4ccccc4)n3)cc2c1
797,797,CN1C2=C(C=CC(=C2)C(=O)NCC3=CC=C(C=C3)Br)[S@@](=O)C4=CC=CC=C4C1=O,2,CN1C(=O)c2ccccc2S(=O)c2ccc(C(=O)NCc3ccc(Br)cc3)cc21
798,798,CN1C=C(C2=CC=CC=C21)C3=C(C(=O)NC3=O)C4=CN(C5=CC=CC=C54)CCCSC(=N)N,2,Cn1cc(C2=C(c3cn(CCCSC(=N)N)c4ccccc34)C(=O)NC2=O)c2ccccc21
799,799,C1=CC(=CC(=C1)C2=CN3C=NC=C3C(=C2)C4=CN=CC=C4)CO,2,OCc1cccc(-c2cc(-c3cccnc3)c3cncn3c2)c1
800,800,CCCCC(C)/C=C(\C)/C=C(\C)/C(=O)NC1=CC(C2C(C1=O)O2)(/C=C/C=C/C=C/C(=O)NC3=C(CCC3=O)O)O,2,CCCCC(C)C=C(C)C=C(C)C(=O)NC1=CC(O)(C=CC=CC=CC(=O)NC2=C(O)CCC2=O)C2OC2C1=O
801,801,CC(C)C1=CC(=NN1)C(=O)N2CC[C@H](C2)NC(=O)C3CC3,2,CC(C)c1cc(C(=O)N2CCC(NC(=O)C3CC3)C2)n[nH]1
802,802,CC1=C(C=CC(=C1)Cl)COC2=CC=NN2C3=NC=CC(=C3)C(=O)O,2,Cc1cc(Cl)ccc1COc1ccnn1-c1cc(C(=O)O)ccn1
803,803,CC1=CC=C(C=C1)OCCN2C3=CC=CC=C3N=C2CCNC(=O)N4CCCCC4,2,Cc1ccc(OCCn2c(CCNC(=O)N3CCCCC3)nc3ccccc32)cc1
804,804,C[S+](=O)(C1=CC=C(C=C1)C2=C3C=CC=CN3C(=N2)C(=O)N4CCOCC4)[O-],2,CS(=O)(=O)c1ccc(-c2nc(C(=O)N3CCOCC3)n3ccccc23)cc1
805,805,CC1=CC(=NO1)NS(=O)(=O)C2=CC=C(C=C2)NCCC3=CC(=C(C=C3)Cl)Cl,2,Cc1cc(NS(=O)(=O)c2ccc(NCCc3ccc(Cl)c(Cl)c3)cc2)no1
806,806,CC1=CC(=NC(=C1)NC(=S)N2CCN(CC2)C3=C(C=C(C=C3)Cl)[N+](=O)[O-])C,2,Cc1cc(C)nc(NC(=S)N2CCN(c3ccc(Cl)cc3[N+](=O)[O-])CC2)c1
807,807,CN(C)C(=O)C1=NC(=C2N1C=CN=C2)C3=C(C=C(C=C3)Cl)Cl,2,CN(C)C(=O)c1nc(-c2ccc(Cl)cc2Cl)c2cnccn12
808,808,CC1=CC=C(C=C1)N2C(=C3C(=NN(C(=O)C3=N2)CCCC(=O)NCC4=CC=CC=C4F)C)C,2,Cc1ccc(-n2nc3c(=O)n(CCCC(=O)NCc4ccccc4F)nc(C)c3c2C)cc1
809,809,CCOC1=CC=CC=C1N(CC(=O)NC2=C(C=CC(=C2)OC)OC)S(=O)(=O)C3=CC=CC=C3,2,CCOc1ccccc1N(CC(=O)Nc1cc(OC)ccc1OC)S(=O)(=O)c1ccccc1
810,810,CN1C=NC(=C1C2=CC=C(C=C2)OC)C3=NC=CC(=C3)C(=O)O,2,COc1ccc(-c2c(-c3cc(C(=O)O)ccn3)ncn2C)cc1
811,811,C1COC2=C(C=C(C=C2)C3=CN=C(S3)N4CCC(CC4)C(=O)NC5=CC=CC=C5)OC1,2,O=C(Nc1ccccc1)C1CCN(c2ncc(-c3ccc4c(c3)OCCCO4)s2)CC1
812,812,CC1=C(C(C(=C(N1)C)C(=O)OCCCN2CCC(CC2)(C3=CC=CC=C3)C4=CC=CC=C4)C5=CC(=CC=C5)[N+](=O)[O-])C(=O)OC,2,COC(=O)C1=C(C)NC(C)=C(C(=O)OCCCN2CCC(c3ccccc3)(c3ccccc3)CC2)C1c1cccc([N+](=O)[O-])c1
813,813,C1=CC=NC(=C1)C(=O)NC2=CC=C(C=C2)[S+](=O)(NC3=NC=CS3)[O-],2,O=C(Nc1ccc(S(=O)(=O)Nc2nccs2)cc1)c1ccccn1
814,814,C1CC2=C(C(N=C(N2)NC3=NC4=C(O3)C=CC=C4Cl)C5=C(C=NN5)Cl)C(=O)C1,2,O=C1CCCC2=C1C(c1[nH]ncc1Cl)N=C(Nc1nc3c(Cl)cccc3o1)N2
